label,year,journal,paper_type,relevance,paradigm,groups,doi,url,authors,topics,methods,workflows,chemistry,data_regime,validation,why,citations,citation_date
3D Deep Learning for Ru Ketone Hydrogenation Enantioselectivity,2026,JACS,research,core catalysis,3D / deep learning,Hartwig,10.1021/jacs.6c07313,https://doi.org/10.1021/jacs.6c07313,Evelyn Ramirez; Gunther H. Weber; Jan Gerit Brandenburg; John F. Hartwig; Joscha Hoche; Masha Elkin; Matthew Avaylon; Michael W. Mahoney; N. Ian Rinehart; Nicholas Hadler; Talita Perciano,3D molecular representation; Asymmetric catalysis; Deep learning; Enantioselectivity; HTE; Transition-state representation,3D graph neural network; High-throughput experimentation; Transition-state-informed representation,TS-informed 3D deep-learning workflow,Noyori-type Ru-catalyzed ketone hydrogenation,"Literature data plus >1,000 in-house HTE examples",Extrapolation to structures distinct from training,Major move toward learned 3D representations built on enantiodetermining TS geometry.,,2026-09-03
"50,688-Reaction C–N Coupling Dataset",2026,JACS,research,core catalysis,Autonomous / HTE,Other,10.1021/jacs.6c05959,https://doi.org/10.1021/jacs.6c05959,Jayabrata Das; Tim Cernak; Xueying Zhang,Benchmarking; Large experimental datasets; Mechanistic diversity; Negative controls; Transferability,Benchmark task design; Cross-metal overlap; Systematic HTE,,Pd/Ni/Cu C–N coupling,"50,688 reactions; 33 complexes; 166 ligands; 17 bases; 4 solvents; 3 temperatures",Dense cross-metal condition overlap and metal-free controls,Demonstrates that dataset architecture and controls can be more important than simply maximizing substrate diversity.,,2026-09-03
"BUNNY N,N-Bidentate Ligand Descriptor Library",2026,ACS Catalysis,research,core catalysis,Transfer / few-shot,Sigman; Doyle,10.1021/acscatal.6c02585,https://doi.org/10.1021/acscatal.6c02585,Abigail G. Doyle; Jules Schleinitz; Matthew S. Sigman; Neyci E. Gutiérrez-Valencia; Therese H. Wild,Cross-scaffold modeling; Ligand descriptor libraries; Mechanistic interpretation; Transfer learning,DFT descriptor library; Diversity selection; Statistical modeling,Reusable ligand-space workflow,"Ni cross-electrophile coupling; N,N-bidentate ligands","~1,100 ligands; 31-ligand representative screen",Two Ni-CEC case studies; cross-ligand-family modeling,"Extends reusable ligand-space ideas beyond phosphines to N,N-bidentate ligands.",,2026-09-03
Boosting Computational Catalysis and Reactivity with AI,2026,JACS,perspective,overview,MLIP / TS acceleration,Corminboeuf; Schwaller,10.1021/jacs.5c17786,https://doi.org/10.1021/jacs.5c17786,Clemence Corminboeuf; Kjell Jorner; Philippe Schwaller,Computational catalysis; Generative AI; LLMs; MLIPs; Reaction discovery,Perspective,,Computational catalysis and chemical reactivity,Perspective,N/A,"Connects ML potentials, generative models, LLMs, mechanism, and automation in one roadmap.",,2026-09-03
Cost-Effective QM Workflows for Molecular ML,2026,ACS Catalysis,research,core catalysis,Other / mixed,Sigman,10.1021/acscatal.6c02583,https://doi.org/10.1021/acscatal.6c02583,David Dalmau; Juan V. Alegre-Requena; Matthew S. Sigman,Automated featurization; Cheap QM; Descriptor pipelines; Small data,Automated ML workflow; MORFEUS; RDKit; xTB,,General molecular ML / catalysis examples,Low-cost descriptor generation across molecular datasets,Benchmarks against higher-cost QM descriptor workflows,Turns physical descriptor generation into reusable software infrastructure.,,2026-09-03
Flex-Cat Autonomous Homogeneous Catalysis,2026,Nature Communications,research,core catalysis,Autonomous / HTE,Abolhasani,10.1038/s41467-026-74425-x,https://doi.org/10.1038/s41467-026-74425-x,Alexander J. M. Miller; Milad Abolhasani,Autonomous experimentation; Bayesian optimization; HTE; Hydroformylation; Ligand optimization,GC-FID feedback; Gaussian-process surrogate; Hierarchical Bayesian optimization; Robotic experimentation,Autonomous HTE optimization workflow,Rh-catalyzed hydroformylation,680 experiments; 16 phosphorus ligands; mixed discrete/continuous search,Closed-loop optimization of activity and regioselectivity,Current benchmark for physically closed-loop homogeneous catalyst optimization.,,2026-09-03
Foundation MLIPs and DFT in Homogeneous Catalysis,2026,Chemistry - A European Journal,perspective,overview,Bayesian / active learning,Other,10.1002/chem.71022,https://doi.org/10.1002/chem.71022,Julen Munarriz; Maxime Ferrer; Ruben Laplaza; Thijs Stuyver,DFT; Foundation MLIPs; Homogeneous catalysis; Transition states; Uncertainty,Perspective,,Homogeneous catalysis and mechanistic computation,Perspective,N/A,Frames the emerging division of labor between fast foundation potentials and high-accuracy electronic structure.,,2026-09-03
Inverse Design of FLPs for CO2 Hydrogenation,2026,Chemical Science,research,core catalysis,Inverse / generative,Corminboeuf,10.1039/D5SC09530A,https://doi.org/10.1039/D5SC09530A,Clemence Corminboeuf; Ruben Laplaza; Shubhajit Das; Thanapat Worakul,CO2 hydrogenation; Design rules; Inverse catalyst design; Metal-free catalysis; Virtual chemical space,Genetic algorithm; Surrogate models; Synthetic-complexity constraints,,Frustrated Lewis pair catalysis for direct CO2 hydrogenation,Virtual space on the order of 10^9 FLP candidates,Mechanistic design rules plus constrained optimization,A strong example of inverse catalyst design over a huge chemically defined space.,,2026-09-03
Libra-ML for Rh Hydroformylation Regioselectivity,2026,JACS,research,core catalysis,3D / deep learning,Hartwig,10.1021/jacs.6c11602,https://doi.org/10.1021/jacs.6c11602,Golsa Gheibi; Gunther H. Weber; Jeremy Nicolai; Jiaqing Chen; John F. Hartwig; Masha Elkin; Matthew Avaylon; Michael W. Mahoney; N. Ian Rinehart; Nicholas Hadler; Ross Maciejewski; Talita Perciano,3D molecular representation; Deep learning; Hydroformylation; Regioselectivity; Transition-metal catalysis,3D deep learning; Catalyst-structure representation; Libra-ML,TS-informed 3D deep-learning workflow,Rh-catalyzed hydroformylation of terminal olefins,Experimental catalyst/substrate outcomes with 3D catalyst representations,Comparison with existing representations and out-of-sample outcomes,Shows 3D learned representations can model a multistep homogeneous catalytic cycle.,,2026-09-03
ML for Catalytic Asymmetric Reactions of Simple Alkenes,2026,Digital Discovery,research,core catalysis,Other / mixed,Sunoj,10.1039/D5DD00483G,https://doi.org/10.1039/D5DD00483G,Ajnabiul Hoque; Divya Chenna; Nupur Jain; Raghavan B. Sunoj,Asymmetric catalysis; Enantioselectivity; Imbalanced data; Representation comparison; Small data,Cost-sensitive learning; Fingerprints; Graph representations; SMILES models,Direct GNN reaction workflow,Catalytic asymmetric reactions of simple alkenes,Sparse and imbalanced literature reaction datasets,Representation/model comparisons across asymmetric reaction sets,Useful comparison of learned and predefined representations under realistic data imbalance.,,2026-09-03
ML in Homogeneous Catalysis: Basic Concepts and Best Practices,2026,ACS Catalysis,viewpoint,overview,Other / mixed,Other,10.1021/acscatal.5c06439,https://doi.org/10.1021/acscatal.5c06439,David Dalmau; Juan V. Alegre-Requena; Susana Garcia-Abellan,Best practices; Homogeneous catalysis; Model validation; Small data,Viewpoint / methodology guidance,,Homogeneous catalysis,Methodological overview,N/A,Practical reference for building and evaluating catalysis ML models.,,2026-09-03
ML-Assisted Ligand Optimization in Shearilicine Synthesis,2026,JACS,research,core catalysis,Ligand-space / screening,Other,10.1021/jacs.5c21637,https://doi.org/10.1021/jacs.5c21637,Fu-Qiang Ni; Z. Wang,Asymmetric catalysis; Ligand optimization; Synthetic application; Virtual screening,Support vector regression; Virtual ligand screening,,Enantioselective Pd-catalyzed alpha-arylation in total synthesis,>120 BI-DIME-type ligands virtually screened,New ligands improved a difficult asymmetric arylation,Illustrates ML ligand optimization inside a demanding total-synthesis problem.,,2026-09-03
Predictive Statistical Analysis of Au(I) C-H Functionalization Selectivity,2026,ACS Catalysis,research,core catalysis,Physical / interpretable,Sigman,10.1021/acscatal.6c03184,https://doi.org/10.1021/acscatal.6c03184,Matthew S. Sigman; Omar Arto; Pablo Barrio; Shounak Hinge; Simone Gallarati,C-H functionalization; Conformational effects; Diastereoselectivity; Interpretable ML; Regioselectivity,Multivariate regression; Steric descriptors; Univariate regression,,Au(I)-catalyzed cycloisomerization of 1-bromoalkynes,Curated substrate set with conformational/steric features,OOD substrates including a complex target,Modern example of interpretable statistical modeling applied directly to catalyst-controlled selectivity.,,2026-09-03
Transferable Enantioselectivity Models from Sparse Data,2026,Nature,research,core catalysis,Transfer / few-shot,Sigman; Doyle,10.1038/s41586-026-10239-7,https://doi.org/10.1038/s41586-026-10239-7,Abigail G. Doyle; Erin M. Bucci; Matthew S. Sigman; Simone Gallarati,Conformer ensembles; Enantioselectivity; Mechanism-aware descriptors; Small data; Transfer learning,Boltzmann averaging; Statistical modeling; TS/intermediate ensembles; xTB,Mechanism-aware transfer workflow,Ni-catalyzed asymmetric C(sp3) couplings,Sparse catalytic datasets across related reactions,Unseen ligands and reaction partners; optimization of weak scope examples,Makes the representation reaction-contextual by encoding proposed catalytic states rather than only free ligands.,3,2026-09-03
AI Approaches to Homogeneous Catalysis with Transition Metal Complexes,2025,ACS Catalysis,review,overview,Inverse / generative,Other,10.1021/acscatal.5c01202,https://doi.org/10.1021/acscatal.5c01202,Aida Nova; Carlos Moran-Gonzalez; Jonathan Burnage; Vladimir Balcells,AI roadmap; Automation; Catalyst design; Generative models; Homogeneous catalysis,Review / perspective,,Transition-metal homogeneous catalysis,Perspective across computational and experimental literature,N/A,"Field-level map of datasets, representations, algorithms, catalyst optimization, and inverse design.",,2026-09-03
Active Learning + Metadynamics for Reactive MLIPs,2025,Digital Discovery,research,core catalysis,Bayesian / active learning,Other,10.1039/D5DD00261C,https://doi.org/10.1039/D5DD00261C,Fernanda Duarte; Hanwen Zhang; Tristan Johnston-Wood; Valdas Vitartas; Veronika Jurásková,Active learning; Enhanced sampling; Reaction dynamics; Reactive MLIPs,Iterative QM labeling; Machine-learned interatomic potentials; Metadynamics,Reactive MLIP mechanism workflow,Reactive molecular systems; explicit/implicit solvent examples,Typically 5–10 initial configurations then active learning,Reactive PES / competing pathways,Automates generation of reaction-quality ML potentials with minimal initial data.,9,2026-09-03
Bayesian Optimization for Resource-Efficient Hydroformylation,2025,ACS Catalysis,research,core catalysis,Autonomous / HTE,Other,10.1021/acscatal.5c06595,https://doi.org/10.1021/acscatal.5c06595,Anna Xiao Tan; Clelia Fantini; Daniel Pacheco Gutierrez; Eric Walther; Francesco Santoro; Julien Coulomb; Laurent Maggi; Lionel Saudan; Loic Roch,Bayesian optimization; Hydroformylation; Ligand optimization; Process optimization; Resource efficiency,Atinary FalconGPBO; Gaussian-process Bayesian optimization,Autonomous HTE optimization workflow,Rh-catalyzed hydroformylation of vinyl arenes,7D search space of ~2.9 billion combinations explored in 88 experiments,Maintained conversion/selectivity while reducing reaction time and Rh loading by 10-30x,"Strong industrial example of BO optimizing catalyst loading, ligand, solvent, temperature and pressure simultaneously.",,2026-09-04
CaTS: Transition-State Screening for Catalyst Discovery,2025,ACS Catalysis,research,catalysis-enabling methodology,MLIP / TS acceleration,Other,10.1021/acscatal.5c03945,https://doi.org/10.1021/acscatal.5c03945,Huasheng Feng; Jiangjie Qiu; Jun Yin; Wentao Li; Xiangya Xu,Catalyst discovery; Deep learning; High-throughput computation; MLIPs; Transition-state screening,Automated structure generation; Machine-learning force field; NEB; SHAP,Reactive MLIP mechanism workflow,Metal-organic complex catalyst screening,"10,000 small-molecule TS reactions; 327 catalyst examples; >1,000 screened complexes",DFT validation of top candidates,Moves catalyst screening from static properties toward kinetically relevant TS energies.,,2026-09-03
Conformer-weighted Bisphosphine Descriptor Library,2025,Chemical Science,research,core catalysis,Physical / interpretable,Sigman,10.1039/D5SC04691B,https://doi.org/10.1039/D5SC04691B,Jamie A. Cadge; Matthew S. Sigman; Sierra D. Hart,Boltzmann / ensemble representation; Conformer ensembles; Ligand descriptors; Small data,Conformer selection; Statistical modeling; Weighted physical descriptors,,Bisphosphine-ligated Pd complexes,Descriptor-library + prior catalytic modeling datasets,Improved predictive statistics in prior case studies,Treats conformer choice as a core part of the molecular representation.,4,2026-09-03
Data Science Development of Heteroleptic Pd Fluorination Catalyst,2025,JACS,research,core catalysis,Autonomous / HTE,Sigman,10.1021/jacs.5c11929,https://doi.org/10.1021/jacs.5c11929,Aleria Garcia Roca; David Dalmau; Matthew S. Sigman; Mohammad H. Samha; Serhii Vasylevskyi; Shubham Deolka,Bayesian optimization; Catalyst development; HTE; Palladium catalysis; Substrate-scope design,EDBO+; High-throughput experimentation; Multi-objective Bayesian optimization; Random forest,Autonomous HTE optimization workflow,Heteroleptic Pd-catalyzed fluorination of arylboronic acids,HTE matrix plus data-science-guided scope selection,Experimentally optimized catalyst and mechanistic follow-up,End-to-end BO + HTE + scope-design catalyst-development workflow.,,2026-09-03
Data Science-Guided Ni Homo-Diels-Alder,2025,JACS,research,core catalysis,Ligand-space / screening,Sigman,10.1021/jacs.5c09948,https://doi.org/10.1021/jacs.5c09948,Cedric Lozano; Jamie A. Cadge; Matthew S. Sigman; Sarah E. Reisman,Classification; KRAKEN; Ligand screening; Reaction development,Classification models; Descriptor library; Experimental validation,Reusable ligand-space workflow,Ni-catalyzed homo-Diels-Alder,Small experimental ligand screen embedded in KRAKEN space,Discovery of a chiral ligand / reaction development,Concrete example of a reusable descriptor library driving experimental catalyst discovery.,3,2026-09-03
Data-Driven Discovery of N-Oxyl HAT Catalysts,2025,ACS Central Science,research,core catalysis,Physical / interpretable,Sigman,10.1021/acscentsci.4c01919,https://doi.org/10.1021/acscentsci.4c01919,Cheng Yang; Corey R. J. Stephenson; Matthew S. Sigman; Stephen Maldonado; Therese Wild; Yulia Rakova,Catalyst discovery; Descriptor screening; Experimental validation; HAT catalysis,Data-driven screening; Physical descriptors; Statistical modeling,Reusable ligand-space workflow,N-oxyl hydrogen-atom-transfer catalysts,Catalyst library with physical descriptors and reactivity,Discovery and experimental testing of new catalysts,Direct descriptor-driven catalyst discovery rather than only post hoc rationalization.,,2026-09-03
Data-Driven Mechanistic Analysis of Co(III) Hydrogen Isotope Exchange,2025,Nature Catalysis,research,core catalysis,Mechanistic ML,Milo,10.1038/s41929-025-01447-x,https://doi.org/10.1038/s41929-025-01447-x,Anat Milo; Inbal L. Eshel; Jiayu Zhang; Marco Di Matteo; Monica H. Perez-Temprano; Sergio Barranco,Cobalt catalysis; Hydrogen isotope exchange; Mechanistic discovery; Reaction conditions; Statistical modeling,Catalytic-intermediate descriptors; Experimental mechanistic analysis; Multivariable linear regression,Mechanism-aware transfer workflow,Co(III)-catalyzed site-selective C-H deuteration,Broad substrate/deuterium-source experimental matrix,Mechanistic interpretation across sources and substrates,Shows reaction conditions can switch the operative catalytic mechanism.,,2026-09-03
Data-Efficient Molecular Image Representation Learning (MoleCLIP),2025,Chemical Science,research,catalysis-enabling methodology,3D / deep learning,Milo,10.1039/D5SC00907C,https://doi.org/10.1039/D5SC00907C,Amit H. Bermano; Anat Milo; Hadas Shalit Peleg; Yonatan Harnik,Catalysis datasets; Deep learning; Foundation models; Molecular representation learning; Small data,Contrastive representation learning; Fine-tuning; Image foundation model,Direct GNN reaction workflow; Few-shot / meta-learning workflow,Property/reactivity prediction including homogeneous catalysis datasets,Large unlabeled image pretraining then small labeled tasks,Benchmarks vs image- and graph-based representations,Milo-group alternative to handcrafted descriptors for data-efficient catalysis tasks.,,2026-09-03
FlowER: Electron Flow Matching,2025,Nature,research,core catalysis,3D / deep learning,Other,10.1038/s41586-025-09426-9,https://doi.org/10.1038/s41586-025-09426-9,Connor W. Coley; Joonyoung F. Joung,Chemical constraints; Generative models; Mechanism prediction; Reaction foundation models,Bond-electron representation; Fine-tuning; Flow matching,,General organic reaction mechanisms,Large reaction corpora with mechanistic representation,OOD reaction classes; mechanism recovery,Moves reaction ML from text-like prediction toward constrained electron redistribution.,18,2026-09-03
HCat-GNet,2025,iScience,research,core catalysis,3D / deep learning,Other,10.1016/j.isci.2025.111881,https://doi.org/10.1016/j.isci.2025.111881,Eduardo Aguilar-Bejarano; Grazziela P. Figueredo; Simon Woodward,Enantioselectivity; Graph neural networks; Interpretability; Ligand optimization,Atom-level attribution; GNN; SMILES / graph representation,Direct GNN reaction workflow,Asymmetric homogeneous catalysis,Benchmark asymmetric reaction datasets,"Prospective new ligand class in Rh 1,4-addition",Directly contrasts learned molecular representations with handcrafted catalyst descriptors.,,2026-09-03
Local Reaction Space in Asymmetric Catalysis,2025,ACS Catalysis,research,core catalysis,Other / mixed,Reid,10.1021/acscatal.5c01051,https://doi.org/10.1021/acscatal.5c01051,Jolene P. Reid,Asymmetric catalysis; Dataset design; Enantioselectivity; Local reaction space; Small data,Radius-based random forest; Random forest; Targeted training-set design,Target-specific active-learning workflow,Asymmetric catalysis in sparse reaction spaces,Small catalytic datasets with controlled local vs distant training examples,Interpolation and extrapolation tests around target reactions,Shows that target-neighborhood coverage can matter more than maximizing global training-set diversity.,,2026-09-03
ML Workflows Beyond Linear Models in Low-Data Regimes,2025,Chemical Science,research,catalysis-enabling methodology,Other / mixed,Sigman,10.1039/D5SC00996K,https://doi.org/10.1039/D5SC00996K,David Dalmau; Juan V. Alegre-Requena; Matthew S. Sigman,Automated model selection; Catalysis workflows; Nonlinear models; Small data,Bayesian hyperparameter optimization; Gradient boosting; ROBERT; Random forest,,Low-data chemical modeling with catalysis relevance,Eight datasets with 18-44 observations,"Interpolation, extrapolation, and de novo prediction benchmarks",Shows properly tuned nonlinear models can be competitive even in very small chemical datasets.,,2026-09-03
Meta-learning for Asymmetric Catalysis,2025,Nature Communications,research,core catalysis,Transfer / few-shot,Other,10.1038/s41467-025-58854-8,https://doi.org/10.1038/s41467-025-58854-8,José Miguel Hernández-Lobato; Sukriti Singh,Enantioselectivity; Few-shot learning; Meta-learning; Transfer learning,Few-shot prediction; Prototypical networks,Few-shot / meta-learning workflow,Asymmetric hydrogenation of olefins,Literature-derived multi-task / few-shot setting,Out-of-sample catalytic tasks,Tests whether shared knowledge across reactions can reduce the data needed for a new catalytic task.,6,2026-09-03
Minerva: Parallel Reaction Optimisation,2025,Nature Communications,research,core catalysis,Autonomous / HTE,Schwaller,10.1038/s41467-025-61803-0,https://doi.org/10.1038/s41467-025-61803-0,Joshua W. Sin; Philippe Schwaller; Siu Lun Chau,Autonomous experimentation; Bayesian optimization; High-throughput experimentation; Multi-objective optimization,Batch acquisition; HTE automation; Surrogate modeling,Autonomous HTE optimization workflow,Ni Suzuki; Pd Buchwald-Hartwig; process chemistry,96-well iterative experimental batches,Closed-loop experimental optimization,Strong example of ML as an experimental decision engine rather than a final predictor.,16,2026-09-03
Pd to Ni Transfer Learning for Atroposelective Suzuki Coupling,2025,JACS,research,core catalysis,Transfer / few-shot,Hong,10.1021/jacs.5c00838,https://doi.org/10.1021/jacs.5c00838,Li-Cheng Xu; Li-Gao Liu; Shuo-Qing Zhang; Xin Hong; Xin-Yuan Xu,Asymmetric catalysis; Cross-metal transfer; Ligand prediction; Small data; Transfer learning,Delta learning; Similarity-based sampling; Transfer learning,Few-shot / meta-learning workflow; Mechanism-aware transfer workflow,Atroposelective Ni-catalyzed Suzuki-Miyaura coupling,310 Pd reactions plus 21 Ni/Sadphos ligand points,Predicted ligand enabled a new Ni catalytic reaction,Clear demonstration of mechanistically motivated knowledge transfer from Pd to Ni.,,2026-09-03
Predictive Modeling of Enantioselective Mn C-H Oxidation,2025,ACS Catalysis,research,core catalysis,Physical / interpretable,Sigman,10.1021/acscatal.4c05659,https://doi.org/10.1021/acscatal.4c05659,Andrea Palone; Arnau Call; Jordan P. Liles; Matthew S. Sigman; Miquel Costas,C-H oxidation; Enantioselectivity; Manganese catalysis; Physical descriptors; Statistical modeling,DFT descriptors; Multiple linear regression; Predictive statistical modeling,,Mn-catalyzed enantioselective oxidation of nonactivated methylene C-H bonds,Catalyst/substrate selectivity data with computed descriptors,Structure-selectivity interpretation and predictive tests,Shows interpretable modeling of subtle stereoelectronic effects in C-H oxidation.,,2026-09-03
Probability Guided Chemical Reaction Scopes,2025,ChemRxiv,preprint,core catalysis,Other / mixed,Milo,,https://www.cambridge.org/engage/chemrxiv/article-details/67a66bde6dde43c908fb7a13,Anat Milo; Inbal L. Eshel; Monica H. Perez-Temprano; Sergio Barranco; Shahar Barkai,Catalysis; Classification; Prospective prediction; Reaction-scope design; Small data,Probabilistic classification; Reaction-condition classification,Target-specific active-learning workflow,Condition suitability and reaction-scope prediction,Small curated catalytic reaction scopes,External targets and reaction-condition classification,Reframes reaction scope as a probabilistic condition-suitability problem.,,2026-09-03
QM + ML Design of Low-Valent Fe Catalysts for N2 Reduction,2025,JACS,research,core catalysis,Mechanistic ML,Other,10.1021/jacs.5c00099,https://doi.org/10.1021/jacs.5c00099,Ankit Mondal; Chandrasekhar Nettem; Gopalan Rajaraman,Catalyst design; Mechanistic ML; Nitrogen reduction; Quantum chemistry; Transition-metal complexes,Ab initio molecular dynamics; DFT; Machine learning,,Low-valent Fe/CAAC homogeneous catalysts for N2-to-NH3 conversion,Computational catalyst and dynamics data,QM/MD mechanistic analysis linked to ML-derived design variables,Represents computational catalyst discovery driven by mechanistic QM data.,,2026-09-03
Reactive ML Potential for Organometallic TS Search and Ligand Screening,2025,JCTC,research,core catalysis,MLIP / TS acceleration,Other,10.1021/acs.jctc.5c01047,https://doi.org/10.1021/acs.jctc.5c01047,Kun Tang; Qilei Liu; Yujing Zhao,Deep learning; Ligand screening; Organometallic catalysis; Reactive MLIPs; Transition-state search,Automated TS database; Equivariant message passing; Reactive machine-learning potential,Reactive MLIP mechanism workflow,Organometallic ethylene hydrogenation and ligand screening,Automated reactive training data for organometallic pathways,PES/IRC and screening benchmarks against quantum chemistry,Targets the expensive TS-search layer limiting contextual catalyst modeling.,,2026-09-03
Sharpless AD Enantioselectivity Prediction,2025,ACS Central Science,research,core catalysis,Physical / interpretable,Denmark,10.1021/acscentsci.5c00900,https://doi.org/10.1021/acscentsci.5c00900,Blake E. Ocampo; Scott E. Denmark,Enantioselectivity; Literature mining; Physical descriptors; Prospective validation,Chemistry-informed descriptors; Statistical / ML modeling,,Sharpless asymmetric dihydroxylation,"1,007 literature reactions",Prospective experimental substrates,Strong example of literature curation plus chemically interpretable representations plus real external validation.,,2026-09-03
Statistical Modeling in Ligand-Controlled Bismuth Catalysis,2025,JACS,research,core catalysis,Mechanistic ML,Sigman,10.1021/jacs.5c11854,https://doi.org/10.1021/jacs.5c11854,Hoonchul Choi; Jamie A. Cadge; Josep Cornella; Lucas Mele; Matthew S. Sigman; Philipp D. Engel; Vytautas Peciukenas,Chemodivergence; Ligand effects; Main-group catalysis; Mechanistic discovery; Statistical modeling,Charge and steric descriptors; DFT; Statistical modeling,Mechanism-aware transfer workflow,Ligand-controlled high-valent bismuth catalysis,Ligand series plus mechanistic calculations and experiments,Mechanistic model tied to alternative reductive-elimination pathways,Extends data-driven ligand analysis beyond transition-metal catalysis.,,2026-09-03
Target-specific Data Sets for Regioselectivity,2025,JACS,research,core catalysis,Bayesian / active learning,Milo,10.1021/jacs.4c15902,https://doi.org/10.1021/jacs.4c15902,Alba Carretero-Cerdán; Anat Milo; Jules Schleinitz; Sarah E. Reisman,Active learning; Dataset design; Regioselectivity; Small data,Acquisition functions; Target-specific sampling; Uncertainty,Target-specific active-learning workflow,C–H functionalization / regioselectivity,Literature data plus actively selected subsets,Prospective experiments on complex targets,Shows that strategically chosen small datasets can beat larger random datasets.,13,2026-09-03
Top-Down Mechanistic Elucidation with ML,2025,ACS Catalysis,research,core catalysis,Mechanistic ML,Reid,10.1021/acscatal.5c02264,https://doi.org/10.1021/acscatal.5c02264,Jolene P. Reid,Asymmetric catalysis; Interpretable ML; Mechanistic discovery; Model heterogeneity,Clusterwise linear regression; Descriptor analysis,,Asymmetric catalysis,Small-to-medium reaction datasets,Computational and experimental follow-up of inferred regimes,Uses ML to discover distinct mechanistic regimes instead of forcing one global structure–selectivity relationship.,,2026-09-03
Autonomous Reaction Pareto-Front Mapping with a Self-Driving Catalysis Laboratory,2024,Nature Chemical Engineering,research,core catalysis,Autonomous / HTE,Abolhasani,10.1038/s44286-024-00033-5,https://doi.org/10.1038/s44286-024-00033-5,J. A. Bennett; J. Rodgers; M. Khan; Milad Abolhasani; N. Orouji; S. Sadeghi,Autonomous experimentation; Bayesian optimization; HTE; Hydroformylation; Ligand optimization; Multi-objective optimization,Digital twin; Flow chemistry; Multi-objective Bayesian optimization; Self-driving laboratory,Autonomous HTE optimization workflow,Rh-catalyzed hydroformylation of 1-octene with phosphorus ligands,Closed-loop high-pressure/high-temperature gas-liquid experiments with autonomous ligand benchmarking,Autonomous Pareto-front mapping and reactor benchmarking,"Foundational homogeneous-catalysis self-driving-lab paper, showing autonomous ligand benchmarking rather than only condition optimization.",73,2026-09-04
Catalysing (Organo-)Catalysis: ML Trends in Enantioselective Organocatalysis,2024,Beilstein J. Org. Chem.,review,overview,Other / mixed,Other,10.3762/bjoc.20.196,https://doi.org/10.3762/bjoc.20.196,Frank Glorius; Kjell Jorner; Leon Schlosser; Stefan P. Schmid,Asymmetric catalysis; Catalyst design; Organocatalysis; Review; Selectivity prediction,Review / perspective,,Enantioselective organocatalysis,Review of historical and recent ML applications in organocatalysis,N/A,"Adds the organocatalysis branch, often omitted when ML-in-catalysis discussions focus only on transition metals.",15,2026-09-04
Chemoinformatic Catalyst Selection for Cu-Bis(oxazoline) Asymmetric Vinylogous Mukaiyama Aldol Reactions,2024,ACS Catalysis,research,core catalysis,Ligand-space / screening,Denmark,10.1021/acscatal.3c05903,https://doi.org/10.1021/acscatal.3c05903,A. F. Zahrt; C. L. Olen; D. Candito; D. Schultz; K. Emerson; Neil A. Strotman; S. W. Reilly; Scott E. Denmark; X. Wang,Asymmetric catalysis; Catalyst selection; Enantioselectivity; Ligand optimization; Training-set design,Conformer-dependent descriptors; Nearest neighbors; QSSR; Unsupervised catalyst selection,Reusable ligand-space workflow; Target-specific active-learning workflow,Cu-bis(oxazoline)-mediated asymmetric vinylogous Mukaiyama aldol reaction,HTE catalyst survey with chemoinformatic ligand selection,"Comparison of unsupervised selection, focused analogues and supervised QSSR","Useful Denmark-style comparison of how to choose which catalysts to screen, not just how to fit a model after screening.",,2026-09-04
Data Science Guided Multiobjective Optimization of a Stereoconvergent Ni-Catalyzed Reduction,2024,ACS Catalysis,research,core catalysis,Autonomous / HTE,Sigman; Doyle,10.1021/acscatal.4c00650,https://doi.org/10.1021/acscatal.4c00650,Abigail G. Doyle; Daniel S. Min; Daniel Zell; Francis Gosselin; Jason Y. Wang; Kyle A. Mack; Lauren E. Sirois; Matthew S. Sigman; Natalie P. Romer; Richard C. Walroth,Bayesian optimization; Ligand optimization; Multi-objective optimization; Nickel catalysis; Stereoselectivity; Training-set design,EDBO+; Hierarchical machine learning; High-throughput experimentation; Statistical modeling,Autonomous HTE optimization workflow,Ni-catalyzed reduction of enol tosylates to E/Z trisubstituted alkenes,"Only 25 reactions per objective used to optimize within a ~30,000-condition search space",Experimental optimization plus prediction of untested monophosphine ligands,"Clear integration of ligand training-set design, statistical modeling and Bayesian optimization in a real reaction-development campaign.",,2026-09-04
"Latent Variable ML Framework for Catalysis: General Models, Transfer Learning, and Interpretability",2024,JACS Au,research,catalysis-enabling methodology,Transfer / few-shot,Other,10.1021/jacsau.3c00419,https://doi.org/10.1021/jacsau.3c00419,Gbolade O. Kayode; Matthew M. Montemore,Catalysis; Data efficiency; Interpretable ML; Latent representations; Transfer learning,Latent-variable models; Multifidelity learning; Transfer learning,Few-shot / meta-learning workflow,Catalytic adsorption energies on alloy surfaces; framework aimed at reusable catalysis models,Multi-species and multifidelity catalytic datasets; transfer with ~10 target points,"Cross-species, cross-computational-setup and computation-to-experiment transfer","Useful conceptual reference for reusable latent representations and extreme few-shot transfer, even though demonstrated on heterogeneous catalysis.",,2026-09-04
Leveraging Limited Experimental Data with ML in the Corey-Bakshi-Shibata Reduction,2024,JACS,research,core catalysis,Mechanistic ML,Other,10.1021/jacs.4c01286,https://doi.org/10.1021/jacs.4c01286,Dennis Gerbig; Marcel Ruth; Oliver Pereira; Peter R. Schreiner; Raffael C. Wende,Asymmetric catalysis; Catalyst design; Enantioselectivity; Key-intermediate representation; Small data,Graph-based representation; Machine learning; Small-data modeling,Direct GNN reaction workflow; Mechanism-aware transfer workflow,Metal-free CBS reduction of butanone,~100 high-quality reactions run in triplicate,ML-guided catalyst selection increased ee to 80%,Important small-data counterexample: a chemically chosen catalyst-substrate intermediate graph can guide successful catalyst improvement without a full TS model.,,2026-09-04
Ligand Many-Body Expansion for Accelerating Transition-Metal-Complex Discovery,2024,J. Chem. Inf. Model.,research,catalysis-enabling methodology,Transfer / few-shot,Kulik,10.1021/acs.jcim.4c01728,https://doi.org/10.1021/acs.jcim.4c01728,Aditya Nandy; Daniel B. K. Chu; David A. Gonzalez-Narvaez; Heather J. Kulik; Ralf Meyer,Catalyst energetics; Delta learning; Ligand interactions; Low-symmetry complexes; Transition-metal complexes,CCSD(T); Cis interaction model; DFT; Delta learning; Ligand many-body expansion,,Octahedral and square-pyramidal TMCs relevant to catalysis,Enumerated ligand combinations with DFT and high-level reference energetics,Predicts unseen low-symmetry complex and model catalytic reaction energies,A physically structured alternative to black-box learning that explicitly models ligand-ligand interactions.,,2026-09-04
ML-Guided Yield Optimization for Palladaelectro-Catalyzed Annulation,2024,Chem,research,core catalysis,Other / mixed,Hong,10.1016/j.chempr.2024.03.027,https://doi.org/10.1016/j.chempr.2024.03.027,L. Ackermann; X. Hong; X. Hou,C-H activation; Electrocatalysis; Experimental design; Reaction optimization; Yield prediction,Machine learning; Orthogonal experimental design; Physical-organic descriptors,,Enantioselective palladaelectro-catalyzed C-H annulation,"High-dimensional electrochemical condition space including electrodes, electrolyte, solvent and potential/current",ML-guided identification of high-yield conditions in expanded chemical space,Shows the growing importance of experimental-design strategy when reaction conditions become high-dimensional.,,2026-09-04
Probing ML Models from HTE Data for Asymmetric Hydrogenation Catalyst Discovery,2024,Chemical Science,research,core catalysis,Autonomous / HTE,Pidko,10.1039/D4SC03647F,https://doi.org/10.1039/D4SC03647F,Adarsh V. Kalikadien; Cecile Valsecchi; Evgeny A. Pidko; Laurent Lefort; Mikko Muuronen; Natalia Dyubankova; Robbert van Putten; Tor Maes,Asymmetric hydrogenation; Dataset design; Enantioselectivity; HTE; Ligand descriptors; Out-of-domain prediction,DFT descriptors; ECFP; OBeLiX; PCA; Random forest,,Rh-catalyzed asymmetric hydrogenation of olefins,"3,552 HTE data points across 192 Rh catalysts and five substrates; 960 points used for modeling",Explicit in-domain vs out-of-domain tests; costly descriptors did not rescue difficult OOD prediction,Especially valuable negative/diagnostic result showing that expensive ligand descriptors do not automatically solve transfer across substrates.,,2026-09-04
Reaction-Agnostic Featurization of Bidentate Ligands for Bayesian Ridge Regression of Enantioselectivity,2024,ACS Catalysis,research,core catalysis,Bayesian / active learning,Corminboeuf,10.1021/acscatal.4c02452,https://doi.org/10.1021/acscatal.4c02452,Alexandre A. Schoepfer; Clemence Corminboeuf; Jerome Waser; Matthew D. Wodrich; Ruben Laplaza,Asymmetric catalysis; Bayesian optimization; Enantioselectivity; Ligand descriptors; Reaction-agnostic representation,Bayesian optimization; Bayesian ridge regression; Quantum-chemical descriptors; Uncertainty estimates,Reusable ligand-space workflow,Four metal-catalyzed asymmetric reactions; bidentate ligand screening,Cross-reaction bidentate ligand featurization; BDL-Cu-2023 pool of 312 ligands,Prospective ligand-pool screening for a challenging asymmetric oxy-alkynylation,Strong reusable-ligand representation paper: descriptors are designed to be reaction-agnostic and uncertainty supports prospective search.,,2026-09-04
Tailoring Phosphine Ligands for Improved C-H Activation with Delta-Machine Learning,2024,Digital Discovery,research,core catalysis,Ligand-space / screening,Other,10.1039/D4DD00037D,https://doi.org/10.1039/D4DD00037D,Alexander Croy; Robert Geitner; Stefanie Grafe; Tianbai Huang,C-H activation; Delta learning; Homogeneous catalysis; Ligand optimization; Virtual screening,Delta machine learning; Quantum chemistry; Virtual ligand screening,,Phosphine-ligated transition-metal C-H activation,Computed ligand chemical space with lower- and higher-level quantum data,Screening and mechanistic interpretation of ligand modifications,A useful bridge between catalyst descriptors and ML-accelerated quantum chemistry through delta learning.,,2026-09-04
Data-Driven Multi-Objective Optimization of Catalytic Asymmetric Reactions Using Bisphosphine Ligands,2023,JACS,research,core catalysis,Ligand-space / screening,Sigman,10.1021/jacs.2c08513,https://doi.org/10.1021/jacs.2c08513,Jacob C. Timmerman; Jordan J. Dotson; Kyle A. Mack; Lucy van Dijk; Matthew S. Sigman; Samantha Grosslight,Asymmetric catalysis; Catalyst screening; Ligand descriptor libraries; Ligand optimization; Multi-objective optimization,Chemical-space mapping; Classification; DFT descriptor database; Linear regression,Reusable ligand-space workflow,Chiral bisphosphine-controlled asymmetric reaction sequence for an API,>550 DFT-characterized bisphosphine ligands,Predicted ligands experimentally improved multiple reaction objectives,Important precursor to newer reusable ligand-space workflows and a major demonstration of multi-objective catalyst optimization.,101,2026-09-04
Hybrid ML Prediction of Site Selectivity in Iridium-Catalyzed Arene Borylation,2023,JACS,research,core catalysis,Mechanistic ML,Hartwig,10.1021/jacs.3c04986,https://doi.org/10.1021/jacs.3c04986,Christian Skold; Eike Caldeweyher; Golsa Gheibi; John F. Hartwig; Magnus Johansson; Masha Elkin; Per-Ola Norrby,C-H borylation; Hybrid modeling; Pharmaceutical chemistry; Regioselectivity; Site selectivity,Cheminformatics; DFT; Linear regression; Machine learning; Semiempirical QM,Mechanism-aware transfer workflow,Ir-catalyzed arene C-H borylation,Hybrid computed and experimental site-selectivity data,Prospective pharmaceutical-intermediate predictions; outperformed prior ML and human experts,"Early Hartwig example of chemistry-informed hybrid ML, preceding the group's later 3D/TS-informed deep-learning work.",,2026-09-04
Identifying Underexplored Regions in Transition-Metal-Complex Chemical Space,2023,J. Phys. Chem. Lett.,research,catalysis-enabling methodology,Ligand-space / screening,Kulik,10.1021/acs.jpclett.3c01214,https://doi.org/10.1021/acs.jpclett.3c01214,Aditya Nandy; Heather J. Kulik; Michael G. Taylor,Catalyst design; Chemical-space mapping; Dataset bias; Representation; Transition-metal complexes,Chemical-space analysis; Large-scale structural data mining,,Mononuclear transition-metal complex space,">240,000 crystallized mononuclear TMCs","Analysis of coordination, metal and donor-space undersampling",Important context for catalyst ML: experimental TMC space is highly biased and leaves whole regions underrepresented.,,2026-09-04
Using Data Science for Mechanistic Insights and Selectivity Predictions in a Non-Natural Biocatalytic Reaction,2023,JACS,research,core catalysis,Mechanistic ML,Sigman,10.1021/jacs.3c03639,https://doi.org/10.1021/jacs.3c03639,Autumn R. Flynn; Bryce T. Nicholls; Daria Grosheva; Hanna D. Clements; Matthew S. Sigman; Morgan T. Merriman; Sarah J. Lefave; Todd K. Hyster,Biocatalysis; Interpretable ML; Mechanistic discovery; Out-of-sample prediction; Selectivity prediction,Experimental validation; Statistical modeling; Structure-selectivity descriptors,,Non-natural ene-reductase catalysis (GluER-T36A),Substrate/mutant reaction-space dataset,Out-of-sample substrates and enzyme mutants,Shows the same chemistry-first statistical framework extending beyond molecular catalysts to enzyme variant/substrate spaces.,31,2026-09-04
KRAKEN: Organophosphorus Ligand Discovery Platform,2022,JACS,research,core catalysis,Ligand-space / screening,Sigman,10.1021/jacs.1c09718,https://doi.org/10.1021/jacs.1c09718,Alán Aspuru-Guzik; Gabriel dos Passos Gomes; Matthew S. Sigman; Tobias Gensch,Catalyst screening; Conformer ensembles; Ligand descriptor libraries; Virtual ligand space,DFT descriptors; ML surrogate models; PCA / chemical-space mapping,Reusable ligand-space workflow,Organophosphorus ligands; homogeneous catalysis,"1,558 DFT ligands; >300,000 ML-predicted ligands",Retrospective catalysis case studies / ligand selection,"Blueprint for reusable, precomputed ligand chemical spaces.",293,2026-09-03
