id,year,published_date,label,full_title,doi,url,paradigm,secondary_paradigms,representation_class,stack_layer,chemistry_class,chemistry,data_size_bin,data_regime,validation_type,validation
"paper_kraken_2022","2022","2022-01-12","KRAKEN: Organophosphorus Ligand Discovery Platform","A Comprehensive Discovery Platform for Organophosphorus Ligands for Catalysis","10.1021/jacs.1c09718","https://doi.org/10.1021/jacs.1c09718","Ligand-space / screening","Physical / interpretable","Reusable ligand library","Descriptors","Ligand space / homogeneous method","Organophosphorus ligands; homogeneous catalysis","virtual / computational","1,558 DFT ligands; >300,000 ML-predicted ligands","retrospective","Retrospective catalysis case studies / ligand selection"
"paper_target_data_2025","2025","2025-02-21","Target-specific Data Sets for Regioselectivity","Designing Target-specific Data Sets for Regioselectivity Predictions on Complex Substrates","10.1021/jacs.4c15902","https://doi.org/10.1021/jacs.4c15902","Bayesian / active learning","","Dataset / experimental loop","Experiment selection","C–H functionalization","C–H functionalization / regioselectivity","unspecified","Literature data plus actively selected subsets","prospective experimental","Prospective experiments on complex targets"
"paper_minerva_2025","2025","2025-07-12","Minerva: Parallel Reaction Optimisation","Highly parallel optimisation of chemical reactions through automation and machine intelligence","10.1038/s41467-025-61803-0","https://doi.org/10.1038/s41467-025-61803-0","Autonomous / HTE","Bayesian / active learning","Dataset / experimental loop","Experiment selection","Cross-coupling","Ni Suzuki; Pd Buchwald-Hartwig; process chemistry","50–200","96-well iterative experimental batches","autonomous closed-loop","Closed-loop experimental optimization"
"paper_flower_2025","2025","2025-08-20","FlowER: Electron Flow Matching","Electron flow matching for generative reaction mechanism prediction","10.1038/s41586-025-09426-9","https://doi.org/10.1038/s41586-025-09426-9","3D / deep learning","Mechanistic ML; Inverse / generative","Pretrained learned representation","Supervised model","Reaction mechanism / methodology","General organic reaction mechanisms","unspecified","Large reaction corpora with mechanistic representation","scaffold / OOD","OOD reaction classes; mechanism recovery"
"paper_duarte_almeta_2025","2026","2026","Active Learning + Metadynamics for Reactive MLIPs","Active learning meets metadynamics: automated workflow for reactive machine learning interatomic potentials","10.1039/D5DD00261C","https://doi.org/10.1039/D5DD00261C","Bayesian / active learning","MLIP / TS acceleration","MLIP / physics acceleration","MLIP / mechanism","Reaction mechanism / methodology","Reactive molecular systems; explicit/implicit solvent examples","n < 50","Typically 5–10 initial configurations then active learning","mixed / unspecified","Reactive PES / competing pathways"
"paper_meta_selectivity_2025","2025","2025-04-16","Meta-learning for Asymmetric Catalysis","A meta-learning approach for selectivity prediction in asymmetric catalysis","10.1038/s41467-025-58854-8","https://doi.org/10.1038/s41467-025-58854-8","Transfer / few-shot","","Pretrained learned representation","Supervised model","Asymmetric hydrogenation / reduction","Asymmetric hydrogenation of olefins","n < 50","Literature-derived multi-task / few-shot setting","mixed / unspecified","Out-of-sample catalytic tasks"
"paper_hcat_2025","2025","2025-03","HCat-GNet","Homogeneous catalyst graph neural network: A human-interpretable graph neural network tool for ligand optimization in asymmetric catalysis","10.1016/j.isci.2025.111881","https://doi.org/10.1016/j.isci.2025.111881","3D / deep learning","Physical / interpretable","Learned 3D / TS GNN","Supervised model","Ligand space / homogeneous method","Asymmetric homogeneous catalysis","unspecified","Benchmark asymmetric reaction datasets","prospective experimental","Prospective new ligand class in Rh 1,4-addition"
"paper_transfer_nature_2026","2026","2026-02-11","Transferable Enantioselectivity Models from Sparse Data","Transferable enantioselectivity models from sparse data","10.1038/s41586-026-10239-7","https://doi.org/10.1038/s41586-026-10239-7","Transfer / few-shot","Physical / interpretable; Mechanistic ML","Catalyst-state / mechanistic","Supervised model","Reaction mechanism / methodology","Ni-catalyzed asymmetric C(sp3) couplings","n < 50","Sparse catalytic datasets across related reactions","mixed / unspecified","Unseen ligands and reaction partners; optimization of weak scope examples"
"paper_bisphos_2025","2025","2025","Conformer-weighted Bisphosphine Descriptor Library","Bisphosphine ligand conformer selection to enhance descriptor database representation: improving statistical modelling outcomes","10.1039/D5SC04691B","https://doi.org/10.1039/D5SC04691B","Physical / interpretable","Autonomous / HTE","Conformer / ensemble descriptors","Descriptors","Ligand space / homogeneous method","Bisphosphine-ligated Pd complexes","unspecified","Descriptor-library + prior catalytic modeling datasets","retrospective","Improved predictive statistics in prior case studies"
"paper_hda_2025","2025","2025-08-15","Data Science-Guided Ni Homo-Diels-Alder","A Data Science-Guided Approach for the Development of Nickel-Catalyzed Homo-Diels–Alder Reactions","10.1021/jacs.5c09948","https://doi.org/10.1021/jacs.5c09948","Ligand-space / screening","Physical / interpretable","Physical / chemist descriptors","Descriptors","Asymmetric C–C / oxidation","Ni-catalyzed homo-Diels-Alder","unspecified","Small experimental ligand screen embedded in KRAKEN space","mixed / unspecified","Discovery of a chiral ligand / reaction development"
"paper_bunny_2026","2026","2026-06-01","BUNNY N,N-Bidentate Ligand Descriptor Library","BUNNY: An N , N -Bidentate Nitrogen Ligand Descriptor LibraryDevelopment and Application to Modeling of Ni-Catalyzed Asymmetric Cross-Electrophile Coupling Reactions","10.1021/acscatal.6c02585","https://doi.org/10.1021/acscatal.6c02585","Transfer / few-shot","Physical / interpretable; Mechanistic ML","Reusable ligand library","Descriptors","Ligand space / homogeneous method","Ni cross-electrophile coupling; N,N-bidentate ligands",">1000","~1,100 ligands; 31-ligand representative screen","scaffold / OOD","Two Ni-CEC case studies; cross-ligand-family modeling"
"paper_cernak_2026","2026","2026-06-17","50,688-Reaction C–N Coupling Dataset","A 50,688-Reaction Data Set Reveals General Ligands and Mechanistic Diversity in C–N Couplings","10.1021/jacs.6c05959","https://doi.org/10.1021/jacs.6c05959","Autonomous / HTE","Mechanistic ML; Transfer / few-shot","Dataset / experimental loop","Experiment selection","Cross-coupling","Pd/Ni/Cu C–N coupling",">1000","50,688 reactions; 33 complexes; 166 ligands; 17 bases; 4 solvents; 3 temperatures","scaffold / OOD","Dense cross-metal condition overlap and metal-free controls"
"paper_reid_2025","2025","2025-05-09","Top-Down Mechanistic Elucidation with ML","Machine Learning Enables a Top-Down Approach to Mechanistic Elucidation in Asymmetric Catalysis","10.1021/acscatal.5c02264","https://doi.org/10.1021/acscatal.5c02264","Mechanistic ML","Physical / interpretable","Catalyst-state / mechanistic","Supervised model","Reaction mechanism / methodology","Asymmetric catalysis","unspecified","Small-to-medium reaction datasets","mixed / unspecified","Computational and experimental follow-up of inferred regimes"
"paper_qmworkflow_2026","2026","2026-05-26","Cost-Effective QM Workflows for Molecular ML","Cost-Effective Quantum-Mechanical Workflows for Molecular Machine Learning","10.1021/acscatal.6c02583","https://doi.org/10.1021/acscatal.6c02583","Other / mixed","Physical / interpretable","Overview / mixed","Overview","Reaction mechanism / methodology","General molecular ML / catalysis examples","unspecified","Low-cost descriptor generation across molecular datasets","mixed / unspecified","Benchmarks against higher-cost QM descriptor workflows"
"paper_denmark_2025","2025","2025-07-29","Sharpless AD Enantioselectivity Prediction","Data-Driven Prediction of Enantioselectivity for the Sharpless Asymmetric Dihydroxylation: Model Development and Experimental Validation","10.1021/acscentsci.5c00900","https://doi.org/10.1021/acscentsci.5c00900","Physical / interpretable","","Physical / chemist descriptors","Descriptors","Asymmetric C–C / oxidation","Sharpless asymmetric dihydroxylation",">1000","1,007 literature reactions","prospective experimental","Prospective experimental substrates"
"paper_reid_local_2025","2025","2025-03-31","Local Reaction Space in Asymmetric Catalysis","Evaluating Predictive Accuracy in Asymmetric Catalysis: A Machine Learning Perspective on Local Reaction Space","10.1021/acscatal.5c01051","https://doi.org/10.1021/acscatal.5c01051","Other / mixed","","Physical / chemist descriptors","Descriptors","Reaction mechanism / methodology","Asymmetric catalysis in sparse reaction spaces","unspecified","Small catalytic datasets with controlled local vs distant training examples","scaffold / OOD","Interpolation and extrapolation tests around target reactions"
"paper_lowdata_workflows_2025","2025","2025","ML Workflows Beyond Linear Models in Low-Data Regimes","Machine learning workflows beyond linear models in low-data regimes","10.1039/D5SC00996K","https://doi.org/10.1039/D5SC00996K","Other / mixed","Bayesian / active learning","Overview / mixed","Overview","Reaction mechanism / methodology","Low-data chemical modeling with catalysis relevance","n < 50","Eight datasets with 18-44 observations","scaffold / OOD","Interpolation, extrapolation, and de novo prediction benchmarks"
"paper_hartwig_ru_2026","2026","2026-07-23","3D Deep Learning for Ru Ketone Hydrogenation Enantioselectivity","Predicting Enantioselectivity of Ruthenium-Catalyzed Ketone Hydrogenation with 3D Structure-Based Deep Learning","10.1021/jacs.6c07313","https://doi.org/10.1021/jacs.6c07313","3D / deep learning","Mechanistic ML; Autonomous / HTE","Learned 3D / TS GNN","Supervised model","Asymmetric hydrogenation / reduction","Noyori-type Ru-catalyzed ketone hydrogenation","200–1000","Literature data plus >1,000 in-house HTE examples","scaffold / OOD","Extrapolation to structures distinct from training"
"paper_hartwig_libra_2026","2026","2026-08-24","Libra-ML for Rh Hydroformylation Regioselectivity","3D, Structure-Based, Deep Learning Approach to Predict the Regioselectivity of Olefin Hydroformylations","10.1021/jacs.6c11602","https://doi.org/10.1021/jacs.6c11602","3D / deep learning","","Learned 3D / TS GNN","Supervised model","Hydroformylation","Rh-catalyzed hydroformylation of terminal olefins","unspecified","Experimental catalyst/substrate outcomes with 3D catalyst representations","mixed / unspecified","Comparison with existing representations and out-of-sample outcomes"
"paper_pdni_transfer_2025","2025","2025-03-28","Pd to Ni Transfer Learning for Atroposelective Suzuki Coupling","Transfer Learning-Enabled Ligand Prediction for Ni-Catalyzed Atroposelective Suzuki–Miyaura Cross-Coupling Based on Mechanistic Similarity: Leveraging Pd Knowledge for Ni Discovery","10.1021/jacs.5c00838","https://doi.org/10.1021/jacs.5c00838","Transfer / few-shot","Mechanistic ML","Catalyst-state / mechanistic","Supervised model","Cross-coupling","Atroposelective Ni-catalyzed Suzuki-Miyaura coupling","200–1000","310 Pd reactions plus 21 Ni/Sadphos ligand points","mixed / unspecified","Predicted ligand enabled a new Ni catalytic reaction"
"paper_cats_2025","2025","2025-08-27","CaTS: Transition-State Screening for Catalyst Discovery","CaTS: Toward Scalable and Efficient Transition State Screening for Catalyst Discovery","10.1021/acscatal.5c03945","https://doi.org/10.1021/acscatal.5c03945","MLIP / TS acceleration","3D / deep learning; Mechanistic ML; Ligand-space / screening","MLIP / physics acceleration","MLIP / mechanism","Reaction mechanism / methodology","Metal-organic complex catalyst screening",">1000","10,000 small-molecule TS reactions; 327 catalyst examples; >1,000 screened complexes","mixed / unspecified","DFT validation of top candidates"
"paper_rmlp_2025","2025","2025-09-10","Reactive ML Potential for Organometallic TS Search and Ligand Screening","Accelerating Transition State Search and Ligand Screening for Organometallic Catalysis with Reactive Machine Learning Potential","10.1021/acs.jctc.5c01047","https://doi.org/10.1021/acs.jctc.5c01047","MLIP / TS acceleration","3D / deep learning; Mechanistic ML; Ligand-space / screening","MLIP / physics acceleration","MLIP / mechanism","Asymmetric hydrogenation / reduction","Organometallic ethylene hydrogenation and ligand screening","unspecified","Automated reactive training data for organometallic pathways","mixed / unspecified","PES/IRC and screening benchmarks against quantum chemistry"
"paper_shearilicine_2026","2026","2026-06-02","ML-Assisted Ligand Optimization in Shearilicine Synthesis","Concise Total Synthesis of (+)-Shearilicine: A Machine Learning-Assisted Strategy for Ligand Optimization of an Enantioselective Palladium-Catalyzed α-Arylation","10.1021/jacs.5c21637","https://doi.org/10.1021/jacs.5c21637","Ligand-space / screening","","Physical / chemist descriptors","Descriptors","Cross-coupling","Enantioselective Pd-catalyzed alpha-arylation in total synthesis","virtual / computational",">120 BI-DIME-type ligands virtually screened","mixed / unspecified","New ligands improved a difficult asymmetric arylation"
"paper_sunoj_2026","2026","2026","ML for Catalytic Asymmetric Reactions of Simple Alkenes","Machine learning models for catalytic asymmetric reactions of simple alkenes: from enantioselectivity predictions to chemical insights","10.1039/D5DD00483G","https://doi.org/10.1039/D5DD00483G","Other / mixed","","Physical / chemist descriptors","Descriptors","Asymmetric C–C / oxidation","Catalytic asymmetric reactions of simple alkenes","n < 50","Sparse and imbalanced literature reaction datasets","mixed / unspecified","Representation/model comparisons across asymmetric reaction sets"
"paper_rajaraman_2025","2025","2025-05-03","QM + ML Design of Low-Valent Fe Catalysts for N2 Reduction","Leveraging Quantum Chemistry and Machine Learning for the Design of Low-Valent Transition Metal Catalysts in Nitrogen to Ammonia Conversion","10.1021/jacs.5c00099","https://doi.org/10.1021/jacs.5c00099","Mechanistic ML","","Catalyst-state / mechanistic","MLIP / mechanism","CO2 / N2 small-molecule catalysis","Low-valent Fe/CAAC homogeneous catalysts for N2-to-NH3 conversion","virtual / computational","Computational catalyst and dynamics data","mixed / unspecified","QM/MD mechanistic analysis linked to ML-derived design variables"
"paper_corminboeuf_flp_2026","2026","2026","Inverse Design of FLPs for CO2 Hydrogenation","Inverse design of frustrated Lewis pairs for direct catalytic CO 2 hydrogenation: refining and expanding design rules","10.1039/D5SC09530A","https://doi.org/10.1039/D5SC09530A","Inverse / generative","Ligand-space / screening","Overview / mixed","Overview","CO2 / N2 small-molecule catalysis","Frustrated Lewis pair catalysis for direct CO2 hydrogenation","virtual / computational","Virtual space on the order of 10^9 FLP candidates","mixed / unspecified","Mechanistic design rules plus constrained optimization"
"paper_milo_hie_2025","2025","2025-11-25","Data-Driven Mechanistic Analysis of Co(III) Hydrogen Isotope Exchange","Charting the influence of deuterium sources in hydrogen isotope exchange using a cobalt(III) catalytic platform","10.1038/s41929-025-01447-x","https://doi.org/10.1038/s41929-025-01447-x","Mechanistic ML","Physical / interpretable","Catalyst-state / mechanistic","Supervised model","C–H functionalization","Co(III)-catalyzed site-selective C-H deuteration","unspecified","Broad substrate/deuterium-source experimental matrix","mixed / unspecified","Mechanistic interpretation across sources and substrates"
"paper_moleclip_2025","2025","2025","Data-Efficient Molecular Image Representation Learning (MoleCLIP)","Data efficient molecular image representation learning using foundation models","10.1039/D5SC00907C","https://doi.org/10.1039/D5SC00907C","3D / deep learning","Physical / interpretable","Pretrained learned representation","Supervised model","Ligand space / homogeneous method","Property/reactivity prediction including homogeneous catalysis datasets","unspecified","Large unlabeled image pretraining then small labeled tasks","mixed / unspecified","Benchmarks vs image- and graph-based representations"
"paper_probability_scope_2025","2025","","Probability Guided Chemical Reaction Scopes","","","https://www.cambridge.org/engage/chemrxiv/article-details/67a66bde6dde43c908fb7a13","Other / mixed","","Dataset / experimental loop","Experiment selection","Reaction mechanism / methodology","Condition suitability and reaction-scope prediction","unspecified","Small curated catalytic reaction scopes","mixed / unspecified","External targets and reaction-condition classification"
"paper_sigman_gold_2026","2026","2026-07-22","Predictive Statistical Analysis of Au(I) C-H Functionalization Selectivity","Understanding Selectivities in Gold(I)-Catalyzed Intramolecular C(sp3)–H Bond Functionalization through Predictive Statistical Analysis","10.1021/acscatal.6c03184","https://doi.org/10.1021/acscatal.6c03184","Physical / interpretable","","Physical / chemist descriptors","Descriptors","C–H functionalization","Au(I)-catalyzed cycloisomerization of 1-bromoalkynes","unspecified","Curated substrate set with conformational/steric features","scaffold / OOD","OOD substrates including a complex target"
"paper_pd_fluorination_2025","2025","2025-09-16","Data Science Development of Heteroleptic Pd Fluorination Catalyst","Development of a Heteroleptic Palladium Catalyst for the Fluorination of Arylboronic Acids using Data Science Tools","10.1021/jacs.5c11929","https://doi.org/10.1021/jacs.5c11929","Autonomous / HTE","Bayesian / active learning","Physical / chemist descriptors","Descriptors","Cross-coupling","Heteroleptic Pd-catalyzed fluorination of arylboronic acids","200–1000","HTE matrix plus data-science-guided scope selection","mixed / unspecified","Experimentally optimized catalyst and mechanistic follow-up"
"paper_ch_oxidation_2025","2025","2025-01-22","Predictive Modeling of Enantioselective Mn C-H Oxidation","Understanding Catalytic Enantioselective C–H Bond Oxidation at Nonactivated Methylenes Through Predictive Statistical Modeling Analysis","10.1021/acscatal.4c05659","https://doi.org/10.1021/acscatal.4c05659","Physical / interpretable","","Physical / chemist descriptors","Descriptors","C–H functionalization","Mn-catalyzed enantioselective oxidation of nonactivated methylene C-H bonds","unspecified","Catalyst/substrate selectivity data with computed descriptors","mixed / unspecified","Structure-selectivity interpretation and predictive tests"
"paper_noxyl_2025","2025","2025-03-24","Data-Driven Discovery of N-Oxyl HAT Catalysts","Data-Driven Workflow for the Development and Discovery of N -Oxyl Hydrogen Atom Transfer Catalysts","10.1021/acscentsci.4c01919","https://doi.org/10.1021/acscentsci.4c01919","Physical / interpretable","Ligand-space / screening","Physical / chemist descriptors","Descriptors","C–H functionalization","N-oxyl hydrogen-atom-transfer catalysts","unspecified","Catalyst library with physical descriptors and reactivity","mixed / unspecified","Discovery and experimental testing of new catalysts"
"paper_bismuth_2025","2025","2025-11-07","Statistical Modeling in Ligand-Controlled Bismuth Catalysis","Ligand-Controlled Chemodivergent Bismuth Catalysis","10.1021/jacs.5c11854","https://doi.org/10.1021/jacs.5c11854","Mechanistic ML","Physical / interpretable","Catalyst-state / mechanistic","Supervised model","Main-group catalysis","Ligand-controlled high-valent bismuth catalysis","unspecified","Ligand series plus mechanistic calculations and experiments","mixed / unspecified","Mechanistic model tied to alternative reductive-elimination pathways"
"paper_flexcat_2026","2026","2026-06-20","Flex-Cat Autonomous Homogeneous Catalysis","An autonomous lab for data-driven homogeneous catalysis","10.1038/s41467-026-74425-x","https://doi.org/10.1038/s41467-026-74425-x","Autonomous / HTE","Bayesian / active learning","Dataset / experimental loop","Experiment selection","Hydroformylation","Rh-catalyzed hydroformylation","200–1000","680 experiments; 16 phosphorus ligands; mixed discrete/continuous search","autonomous closed-loop","Closed-loop optimization of activity and regioselectivity"
"paper_ai_homocat_review_2025","2025","2025-05-14","AI Approaches to Homogeneous Catalysis with Transition Metal Complexes","AI Approaches to Homogeneous Catalysis with Transition Metal Complexes","10.1021/acscatal.5c01202","https://doi.org/10.1021/acscatal.5c01202","Inverse / generative","","Overview / mixed","Overview","Ligand space / homogeneous method","Transition-metal homogeneous catalysis","n/a overview","Perspective across computational and experimental literature","n/a overview","N/A"
"paper_bestpractices_2026","2025","2025-12-19","ML in Homogeneous Catalysis: Basic Concepts and Best Practices","Machine Learning in Homogeneous Catalysis: Basic Concepts and Best Practices","10.1021/acscatal.5c06439","https://doi.org/10.1021/acscatal.5c06439","Other / mixed","","Overview / mixed","Overview","Reaction mechanism / methodology","Homogeneous catalysis","n/a overview","Methodological overview","n/a overview","N/A"
"paper_mlips_dft_2026","2026","2026-04-18","Foundation MLIPs and DFT in Homogeneous Catalysis","The Future of Foundation Machine Learning Potentials and DFT in Homogeneous Catalysis: Competition or Synergy?","10.1002/chem.71022","https://doi.org/10.1002/chem.71022","Bayesian / active learning","Physical / interpretable; Mechanistic ML; MLIP / TS acceleration","MLIP / physics acceleration","MLIP / mechanism","Ligand space / homogeneous method","Homogeneous catalysis and mechanistic computation","n/a overview","Perspective","n/a overview","N/A"
"paper_compcat_ai_2026","2026","2026-02-20","Boosting Computational Catalysis and Reactivity with AI","Boosting Computational Catalysis and Chemical Reactivity with Artificial Intelligence","10.1021/jacs.5c17786","https://doi.org/10.1021/jacs.5c17786","MLIP / TS acceleration","Mechanistic ML; Inverse / generative","MLIP / physics acceleration","MLIP / mechanism","Reaction mechanism / methodology","Computational catalysis and chemical reactivity","n/a overview","Perspective","n/a overview","N/A"
"paper_fastcat_2024","2024","2024-02-27","Autonomous Reaction Pareto-Front Mapping with a Self-Driving Catalysis Laboratory","Autonomous reaction Pareto-front mapping with a self-driving catalysis laboratory","10.1038/s44286-024-00033-5","https://doi.org/10.1038/s44286-024-00033-5","Autonomous / HTE","Bayesian / active learning","Dataset / experimental loop","Experiment selection","Hydroformylation","Rh-catalyzed hydroformylation of 1-octene with phosphorus ligands","unspecified","Closed-loop high-pressure/high-temperature gas-liquid experiments with autonomous ligand benchmarking","autonomous closed-loop","Autonomous Pareto-front mapping and reactor benchmarking"
"paper_denmark_catalyst_selection_2024","2024","2024-02-06","Chemoinformatic Catalyst Selection for Cu-Bis(oxazoline) Asymmetric Vinylogous Mukaiyama Aldol Reactions","Chemoinformatic Catalyst Selection Methods for the Optimization of Copper–Bis(oxazoline)-Mediated, Asymmetric, Vinylogous Mukaiyama Aldol Reactions","10.1021/acscatal.3c05903","https://doi.org/10.1021/acscatal.3c05903","Ligand-space / screening","Physical / interpretable","Physical / chemist descriptors","Descriptors","Asymmetric C–C / oxidation","Cu-bis(oxazoline)-mediated asymmetric vinylogous Mukaiyama aldol reaction","200–1000","HTE catalyst survey with chemoinformatic ligand selection","mixed / unspecified","Comparison of unsupervised selection, focused analogues and supervised QSSR"
"paper_corminboeuf_bidentate_2024","2024","2024-06-04","Reaction-Agnostic Featurization of Bidentate Ligands for Bayesian Ridge Regression of Enantioselectivity","Reaction-Agnostic Featurization of Bidentate Ligands for Bayesian Ridge Regression of Enantioselectivity","10.1021/acscatal.4c02452","https://doi.org/10.1021/acscatal.4c02452","Bayesian / active learning","Physical / interpretable","Reusable ligand library","Descriptors","Ligand space / homogeneous method","Four metal-catalyzed asymmetric reactions; bidentate ligand screening",">1000","Cross-reaction bidentate ligand featurization; BDL-Cu-2023 pool of 312 ligands","prospective experimental","Prospective ligand-pool screening for a challenging asymmetric oxy-alkynylation"
"paper_ni_edbo_2024","2024","2024-03-13","Data Science Guided Multiobjective Optimization of a Stereoconvergent Ni-Catalyzed Reduction","Data Science Guided Multiobjective Optimization of a Stereoconvergent Nickel-Catalyzed Reduction of Enol Tosylates to Access Trisubstituted Alkenes","10.1021/acscatal.4c00650","https://doi.org/10.1021/acscatal.4c00650","Autonomous / HTE","Physical / interpretable; Bayesian / active learning","Dataset / experimental loop","Experiment selection","Asymmetric hydrogenation / reduction","Ni-catalyzed reduction of enol tosylates to E/Z trisubstituted alkenes",">1000","Only 25 reactions per objective used to optimize within a ~30,000-condition search space","mixed / unspecified","Experimental optimization plus prediction of untested monophosphine ligands"
"paper_cbs_2024","2024","2024-05-16","Leveraging Limited Experimental Data with ML in the Corey-Bakshi-Shibata Reduction","Leveraging Limited Experimental Data with Machine Learning: Differentiating a Methyl from an Ethyl Group in the Corey–Bakshi–Shibata Reduction","10.1021/jacs.4c01286","https://doi.org/10.1021/jacs.4c01286","Mechanistic ML","","Catalyst-state / mechanistic","Supervised model","Asymmetric hydrogenation / reduction","Metal-free CBS reduction of butanone","50–200","~100 high-quality reactions run in triplicate","mixed / unspecified","ML-guided catalyst selection increased ee to 80%"
"paper_pidko_rh_hte_2024","2024","2024","Probing ML Models from HTE Data for Asymmetric Hydrogenation Catalyst Discovery","Probing machine learning models based on high throughput experimentation data for the discovery of asymmetric hydrogenation catalysts","10.1039/D4SC03647F","https://doi.org/10.1039/D4SC03647F","Autonomous / HTE","Physical / interpretable; Transfer / few-shot","Dataset / experimental loop","Experiment selection","Asymmetric hydrogenation / reduction","Rh-catalyzed asymmetric hydrogenation of olefins",">1000","3,552 HTE data points across 192 Rh catalysts and five substrates; 960 points used for modeling","scaffold / OOD","Explicit in-domain vs out-of-domain tests; costly descriptors did not rescue difficult OOD prediction"
"paper_delta_phosphine_2024","2024","2024","Tailoring Phosphine Ligands for Improved C-H Activation with Delta-Machine Learning","Tailoring phosphine ligands for improved C–H activation: insights from Δ-machine learning","10.1039/D4DD00037D","https://doi.org/10.1039/D4DD00037D","Ligand-space / screening","Physical / interpretable","Physical / chemist descriptors","Descriptors","C–H functionalization","Phosphine-ligated transition-metal C-H activation","unspecified","Computed ligand chemical space with lower- and higher-level quantum data","mixed / unspecified","Screening and mechanistic interpretation of ligand modifications"
"paper_bisphosphine_multiobjective_2023","2022","2022-12-27","Data-Driven Multi-Objective Optimization of Catalytic Asymmetric Reactions Using Bisphosphine Ligands","Data-Driven Multi-Objective Optimization Tactics for Catalytic Asymmetric Reactions Using Bisphosphine Ligands","10.1021/jacs.2c08513","https://doi.org/10.1021/jacs.2c08513","Ligand-space / screening","Physical / interpretable","Reusable ligand library","Descriptors","Ligand space / homogeneous method","Chiral bisphosphine-controlled asymmetric reaction sequence for an API","200–1000",">550 DFT-characterized bisphosphine ligands","mixed / unspecified","Predicted ligands experimentally improved multiple reaction objectives"
"paper_hyster_sigman_2023","2023","2023-08-02","Using Data Science for Mechanistic Insights and Selectivity Predictions in a Non-Natural Biocatalytic Reaction","Using Data Science for Mechanistic Insights and Selectivity Predictions in a Non-Natural Biocatalytic Reaction","10.1021/jacs.3c03639","https://doi.org/10.1021/jacs.3c03639","Mechanistic ML","Physical / interpretable","Physical / chemist descriptors","Descriptors","Biocatalysis","Non-natural ene-reductase catalysis (GluER-T36A)","unspecified","Substrate/mutant reaction-space dataset","mixed / unspecified","Out-of-sample substrates and enzyme mutants"
"paper_sobo_2023","2023","2023-07-31","Hybrid ML Prediction of Site Selectivity in Iridium-Catalyzed Arene Borylation","Hybrid Machine Learning Approach to Predict the Site Selectivity of Iridium-Catalyzed Arene Borylation","10.1021/jacs.3c04986","https://doi.org/10.1021/jacs.3c04986","Mechanistic ML","Physical / interpretable; 3D / deep learning","Catalyst-state / mechanistic","Supervised model","C–H functionalization","Ir-catalyzed arene C-H borylation","unspecified","Hybrid computed and experimental site-selectivity data","prospective experimental","Prospective pharmaceutical-intermediate predictions; outperformed prior ML and human experts"
"paper_palladaelectro_2024","2024","2024-07","ML-Guided Yield Optimization for Palladaelectro-Catalyzed Annulation","Machine learning-guided yield optimization for palladaelectro-catalyzed annulation reaction","10.1016/j.chempr.2024.03.027","https://doi.org/10.1016/j.chempr.2024.03.027","Other / mixed","Physical / interpretable","Dataset / experimental loop","Experiment selection","C–H functionalization","Enantioselective palladaelectro-catalyzed C-H annulation","unspecified","High-dimensional electrochemical condition space including electrodes, electrolyte, solvent and potential/current","mixed / unspecified","ML-guided identification of high-yield conditions in expanded chemical space"
"paper_kulik_space_2023","2023","2023-06-20","Identifying Underexplored Regions in Transition-Metal-Complex Chemical Space","Identifying Underexplored and Untapped Regions in the Chemical Space of Transition Metal Complexes","10.1021/acs.jpclett.3c01214","https://doi.org/10.1021/acs.jpclett.3c01214","Ligand-space / screening","","Reusable ligand library","Descriptors","Reaction mechanism / methodology","Mononuclear transition-metal complex space",">1000",">240,000 crystallized mononuclear TMCs","mixed / unspecified","Analysis of coordination, metal and donor-space undersampling"
"paper_kulik_manybody_2024","2024","2024-11-28","Ligand Many-Body Expansion for Accelerating Transition-Metal-Complex Discovery","Ligand Many-Body Expansion as a General Approach for Accelerating Transition Metal Complex Discovery","10.1021/acs.jcim.4c01728","https://doi.org/10.1021/acs.jcim.4c01728","Transfer / few-shot","","Reusable ligand library","Descriptors","Ligand space / homogeneous method","Octahedral and square-pyramidal TMCs relevant to catalysis","unspecified","Enumerated ligand combinations with DFT and high-level reference energetics","mixed / unspecified","Predicts unseen low-symmetry complex and model catalytic reaction energies"
"paper_latent_transfer_2024","2023","2023-12-19","Latent Variable ML Framework for Catalysis: General Models, Transfer Learning, and Interpretability","Latent Variable Machine Learning Framework for Catalysis: General Models, Transfer Learning, and Interpretability","10.1021/jacsau.3c00419","https://doi.org/10.1021/jacsau.3c00419","Transfer / few-shot","Physical / interpretable","Overview / mixed","Overview","Reaction mechanism / methodology","Catalytic adsorption energies on alloy surfaces; framework aimed at reusable catalysis models","n < 50","Multi-species and multifidelity catalytic datasets; transfer with ~10 target points","mixed / unspecified","Cross-species, cross-computational-setup and computation-to-experiment transfer"
"paper_resource_hydroformylation_2025","2025","2025-11-15","Bayesian Optimization for Resource-Efficient Hydroformylation","Bayesian Optimization for Resource-Efficient Hydroformylation","10.1021/acscatal.5c06595","https://doi.org/10.1021/acscatal.5c06595","Autonomous / HTE","Bayesian / active learning","Dataset / experimental loop","Experiment selection","Hydroformylation","Rh-catalyzed hydroformylation of vinyl arenes","50–200","7D search space of ~2.9 billion combinations explored in 88 experiments","mixed / unspecified","Maintained conversion/selectivity while reducing reaction time and Rh loading by 10-30x"
"paper_organocat_review_2024","2024","2024-09-10","Catalysing (Organo-)Catalysis: ML Trends in Enantioselective Organocatalysis","Catalysing (organo-)catalysis: Trends in the application of machine learning to enantioselective organocatalysis","10.3762/bjoc.20.196","https://doi.org/10.3762/bjoc.20.196","Other / mixed","","Overview / mixed","Overview","Organocatalysis","Enantioselective organocatalysis","n/a overview","Review of historical and recent ML applications in organocatalysis","n/a overview","N/A"
"paper_harper_sterimol_2012","2012","2012-03-18","Multidimensional Steric Parameters in Asymmetric Catalysis","Multidimensional steric parameters in the analysis of asymmetric catalytic reactions","10.1038/nchem.1297","https://doi.org/10.1038/nchem.1297","Physical / interpretable","","Physical / chemist descriptors","Descriptors","Reaction mechanism / methodology","Asymmetric catalysis; directional Sterimol parameterization of substituents","unspecified","Small published enantioselectivity series","retrospective","Retrospective correlation with selectivity; steric terms interpreted mechanistically"
"paper_milo_vibrations_2014","2014","2014-03-12","Interrogating Selectivity in Catalysis Using Molecular Vibrations","Interrogating selectivity in catalysis using molecular vibrations","10.1038/nature13019","https://doi.org/10.1038/nature13019","Physical / interpretable","","Physical / chemist descriptors","Descriptors","Reaction mechanism / methodology","Asymmetric catalysis; IR vibrations as electronic descriptors","unspecified","Small catalytic selectivity datasets","mixed / unspecified","Interpretable vibrational terms mapped onto the selectivity-determining interaction"
"paper_milo_science_2015","2015","2015-02-13","A Data-Intensive Approach to Mechanistic Elucidation in Chiral Anion Catalysis","A data-intensive approach to mechanistic elucidation applied to chiral anion catalysis","10.1126/science.1261043","https://doi.org/10.1126/science.1261043","Physical / interpretable","Mechanistic ML","Physical / chemist descriptors","Descriptors","Organocatalysis","Chiral anion organocatalysis; catalyst–substrate parameterization","200–1000","Designed small catalytic library, not a large HTE dump","mixed / unspecified","Statistical models used to distinguish competing mechanistic hypotheses"
"paper_santiago_milo_2016","2016","2016-10-03","A Modern Approach to Steric Effects in Hammett-Type Correlations","Developing a Modern Approach To Account for Steric Effects in Hammett-Type Correlations","10.1021/jacs.6b08799","https://doi.org/10.1021/jacs.6b08799","Physical / interpretable","","Physical / chemist descriptors","Descriptors","Reaction mechanism / methodology","Physical-organic catalysis; steric correction of Hammett-type models","unspecified","Classic linear free-energy series plus Sterimol terms","mixed / unspecified","Improved correlations when steric and electronic terms are separated geometrically"
"paper_santiago_mlr_2018","2018","2018","Predictive and Mechanistic Multivariate Linear Regression for Reaction Development","Predictive and mechanistic multivariate linear regression models for reaction development","10.1039/C7SC04679K","https://doi.org/10.1039/C7SC04679K","Physical / interpretable","Mechanistic ML","Physical / chemist descriptors","Descriptors","Reaction mechanism / methodology","Asymmetric catalysis; MLR workflow for selectivity models","n/a overview","Review of small-to-moderate catalytic modeling case studies","n/a overview","N/A"
"paper_paton_sterimol_2019","2019","2019-01-25","Conformational Effects on Sterimol Steric Parameters","Conformational Effects on Physical-Organic Descriptors: The Case of Sterimol Steric Parameters","10.1021/acscatal.8b04043","https://doi.org/10.1021/acscatal.8b04043","Physical / interpretable","Autonomous / HTE","Conformer / ensemble descriptors","Descriptors","Reaction mechanism / methodology","Asymmetric catalysis; conformer-averaged Sterimol descriptors","unspecified","Catalytic case studies where a single conformer misrepresents steric demand","mixed / unspecified","Boltzmann-weighted Sterimol outperforms single-conformer values"
"paper_autoqchem_2022","2022","2022","Auto-QChem: Automated DFT Descriptor Workflows for Organic Molecules","Auto-QChem: an automated workflow for the generation and storage of DFT calculations for organic molecules","10.1039/D2RE00030J","https://doi.org/10.1039/D2RE00030J","Other / mixed","Physical / interpretable","Physical / chemist descriptors","Descriptors","Ligand space / homogeneous method","Organic molecules including catalytic ligands and substrates; automated DFT featurization","unspecified","Reusable DFT descriptor database generated from SMILES inputs","mixed / unspecified","Workflow benchmarks and downstream modeling use-cases"
"paper_lustosa_milo_2022","2022","2022-06-17","Mechanistic Inference from Statistical Models at Different Data-Size Regimes","Mechanistic Inference from Statistical Models at Different Data-Size Regimes","10.1021/acscatal.2c01741","https://doi.org/10.1021/acscatal.2c01741","Physical / interpretable","Mechanistic ML","Physical / chemist descriptors","Descriptors","Ligand space / homogeneous method","Homogeneous catalysis; how dataset size changes what a statistical model can claim","unspecified","Explicit comparison across small vs larger catalytic data-size regimes","mixed / unspecified","Shows when fitted equations support mechanistic claims versus when they only interpolate"
"paper_aqme_2023","2023","2023-02-26","AQME: Automated Quantum Mechanical Environments for Descriptor Generation","AQME: Automated quantum mechanical environments for researchers and educators","10.1002/wcms.1663","https://doi.org/10.1002/wcms.1663","Other / mixed","Physical / interpretable","Physical / chemist descriptors","Descriptors","Reaction mechanism / methodology","General molecular / catalysis descriptor generation from automated quantum chemistry","unspecified","Broad descriptor pools assembled per molecule from QM and steric codes","mixed / unspecified","Software demonstration and downstream modeling examples"
"paper_milo_smalldata_2023","2023","2023-04-26","Small Data Can Play a Big Role in Chemical Discovery","Small Data Can Play a Big Role in Chemical Discovery","10.1002/anie.202219070","https://doi.org/10.1002/anie.202219070","Other / mixed","Physical / interpretable; Autonomous / HTE","Overview / mixed","Overview","Reaction mechanism / methodology","Chemical discovery including catalysis; advocacy for small, designed datasets","n/a overview","n/a overview","n/a overview","N/A"
"paper_robert_2024","2024","2024-10-22","ROBERT: Automated Machine Learning for Chemistry","ROBERT : Bridging the Gap Between Machine Learning and Chemistry","10.1002/wcms.1733","https://doi.org/10.1002/wcms.1733","Other / mixed","Physical / interpretable","Overview / mixed","Descriptors","Ligand space / homogeneous method","Chemistry ML including homogeneous catalysis; automated model screening from feature matrices","unspecified","Designed for the small-n chemical tables AQME and similar tools export","mixed / unspecified","Automated model comparison with reported diagnostics"
"paper_smartpy_2025","2025","2025","SMARTpy: Cavity Steric Molecular Descriptors","SMARTpy: a Python package for the generation of cavity steric molecular descriptors and applications to diverse systems","10.1039/D4DD00329B","https://doi.org/10.1039/D4DD00329B","Physical / interpretable","","Physical / chemist descriptors","Descriptors","Ligand space / homogeneous method","Homogeneous catalysis; cavity-specific steric descriptors beyond classical Sterimol","unspecified","Applied to diverse catalytic and molecular systems","retrospective","Case studies against established steric parameterizations"
"paper_chemrefine_2026","2026","2026-02-10","ChemRefine: Automated Interoperable ML and Quantum Chemistry Platform","ChemRefine: An Open-Source Automated and Interoperable Platform for Machine Learning and Quantum Chemistry Simulations","10.1021/acs.jctc.5c01881","https://doi.org/10.1021/acs.jctc.5c01881","Other / mixed","","Overview / mixed","Descriptors","Reaction mechanism / methodology","General molecular / organometallic simulation; automated QM and ML interoperability","unspecified","Workflow platform rather than a single catalytic dataset","mixed / unspecified","Software interoperability demonstrations across QM and ML engines"
"paper_crest_2024","2024","2024-03-21","CREST: Exploration of Low-Energy Molecular Chemical Space","CREST—A program for the exploration of low-energy molecular chemical space","10.1063/5.0197592","https://doi.org/10.1063/5.0197592","MLIP / TS acceleration","Ligand-space / screening","Conformer / ensemble descriptors","Ground-state conformers","Reaction mechanism / methodology","Ground-state conformational ensembles for molecules and complexes; not a TS-ensemble generator","virtual / computational","Software paper; computational examples across drug-sized molecules","mixed / unspecified","Benchmarked conformational coverage and timings versus earlier CREST/xTB workflows"
"paper_autode_2021","2020","2020-12-22","autodE: Automated Calculation of Reaction Energy Profiles","autodE: Automated Calculation of Reaction Energy Profiles— Application to Organic and Organometallic Reactions","10.1002/anie.202011941","https://doi.org/10.1002/anie.202011941","MLIP / TS acceleration","Physical / interpretable; Mechanistic ML","MLIP / physics acceleration","TS search","Reaction mechanism / methodology","Automated reaction-profile search for molecular and transition-metal reactions from SMILES-level input","virtual / computational","Computational benchmarks on organic and organometallic reactions","mixed / unspecified","Recovered literature TSs and reaction energies across a curated reaction set"
"paper_tstools_2024","2024","2024-06-08","TS-tools: Automated TS Localization from Reaction SMILES","TS‐tools: Rapid and automated localization of transition states based on a textual reaction SMILES input","10.1002/jcc.27374","https://doi.org/10.1002/jcc.27374","MLIP / TS acceleration","Mechanistic ML","MLIP / physics acceleration","TS search","Reaction mechanism / methodology","Automated TS searches including multi-molecular and solvent-sensitive pathways","unspecified","Benchmark set of mono-, bi-, and multimolecular reactions","mixed / unspecified","95% success already at xTB for mono/bimolecular TSs; DFT required more often for multimolecular paths"
"paper_racerts_2026","2026","2026-02-12","racerTS: Rapid Transition-State Conformer Ensembles","Rapid Generation of Transition-State Conformer Ensembles via Constrained Distance Geometry","10.1021/acs.jcim.5c02794","https://doi.org/10.1021/acs.jcim.5c02794","MLIP / TS acceleration","Mechanistic ML","MLIP / physics acceleration","TS ensembles","Reaction mechanism / methodology","TS conformer ensembles for 20 diverse reactions, including catalysis-relevant TSs","virtual / computational","Computational benchmark: 20 reaction TSs versus CREST and GOAT","mixed / unspecified","Similar coverage to CREST, better DFT-optimized TS validity, median 0.17 kcal/mol low-energy error, far lower wall time"
"paper_goodvibes_2020","2020","2020-04-24","GoodVibes: Automated Quasi-Harmonic Thermochemistry","GoodVibes: automated thermochemistry for heterogeneous computational chemistry data","10.12688/f1000research.22758.1","https://doi.org/10.12688/f1000research.22758.1","Physical / interpretable","","Physical / chemist descriptors","Thermochemistry","Ligand space / homogeneous method","Thermochemical corrections from Gaussian/ORCA/xTB frequency jobs used throughout homogeneous catalysis DFT","unspecified","Software paper with worked catalytic reaction-path examples","n/a overview","Reproducible quasi-harmonic G values versus raw RRHO; community standard in Paton/Alegre-Requena workflows"
"paper_thermomlip_2026","2026","2026-08-31","thermoMLIP: MLIP-Enhanced Thermochemistry","MLIP-Enhanced Thermochemistry Predictions across Organic Chemical Space","10.1021/acs.jctc.6c00936","https://doi.org/10.1021/acs.jctc.6c00936","MLIP / TS acceleration","3D / deep learning; Bayesian / active learning","MLIP / physics acceleration","Thermochemistry","Reaction mechanism / methodology","Organic thermochemistry across chemical space; relevant when catalysis models need cheap, consistent ΔG","virtual / computational","Computational organic chemical space plus an actively learned thermodynamic dataset","mixed / unspecified","Near-DFT thermochemistry; MLIP conformer searches often find lower-energy structures than existing datasets"
"paper_edbo_2021","2021","2021-02-03","EDBO: Bayesian Reaction Optimization for Chemical Synthesis","Bayesian reaction optimization as a tool for chemical synthesis","10.1038/s41586-021-03213-y","https://doi.org/10.1038/s41586-021-03213-y","Bayesian / active learning","Physical / interpretable","Dataset / experimental loop","Experiment selection","Cross-coupling","Pd-catalyzed direct arylation benchmark plus Mitsunobu and deoxyfluorination case studies","200–1000","Large Pd arylation HTE benchmark plus closed-loop synthetic case studies versus expert chemists","prospective experimental","Prospective comparison with expert human experiment selection; BO more efficient and more consistent"
"paper_edboplus_2022","2022","2022-10-19","EDBO+: Multi-Objective Active Learning for Reaction Optimization","A Multi-Objective Active Learning Platform and Web App for Reaction Optimization","10.1021/jacs.2c08592","https://doi.org/10.1021/jacs.2c08592","Bayesian / active learning","Autonomous / HTE","Dataset / experimental loop","Experiment selection","Reaction mechanism / methodology","Ni/photoredox enantioselective cross-electrophile coupling as a real multi-objective test case","200–1000","HTE and virtual-screening datasets plus a live Ni photoredox optimization campaign","prospective experimental","Prospective multi-objective laboratory optimization; web app removes a coding barrier"
"paper_molli_2024","2024","2024-10-23","molli: Combinatorial Libraries and Feature Extraction","molli: A General Purpose Python Toolkit for Combinatorial Small Molecule Library Generation, Manipulation, and Feature Extraction","10.1021/acs.jcim.4c00424","https://doi.org/10.1021/acs.jcim.4c00424","Ligand-space / screening","Physical / interpretable","Reusable ligand library","Descriptors","Ligand space / homogeneous method","General molecular / homogeneous-ligand libraries; combinatorial feature extraction, not a catalytic reference frame","unspecified","Software paper; combinatorial molecular libraries rather than a single catalytic n","mixed / unspecified","Software demonstration across library generation and feature-extraction workflows"
"paper_sambvca2_2016","2016","2016-06-27","SambVca 2: Topographic Steric Maps of Catalytic Pockets","SambVca 2. A Web Tool for Analyzing Catalytic Pockets with Topographic Steric Maps","10.1021/acs.organomet.6b00371","https://doi.org/10.1021/acs.organomet.6b00371","Physical / interpretable","","Physical / chemist descriptors","Descriptors","Ligand space / homogeneous method","Homogeneous catalysis; metal-centered steric maps for NHCs, phosphines, and catalytic pockets","unspecified","Software paper with organometallic pocket examples","mixed / unspecified","Web-tool demonstration of topographic maps versus classical %Vbur numbers"
"paper_sambvca_pockets_2019","2019","2019-09-02","Online Computer-Aided Design of Catalytic Pockets","Towards the online computer-aided design of catalytic pockets","10.1038/s41557-019-0319-5","https://doi.org/10.1038/s41557-019-0319-5","Physical / interpretable","","Physical / chemist descriptors","Descriptors","Ligand space / homogeneous method","Homogeneous catalysis; online design of catalytic pockets from buried-volume maps","virtual / computational","Computational pocket-design case studies across organometallic catalysts","retrospective","Case studies connecting pocket topography to known catalytic behavior"
"paper_vbur_2010","2010","2010","Percent Buried Volume for Phosphines and NHCs","Percent buried volume for phosphine and N-heterocyclic carbene ligands: steric properties in organometallic chemistry","10.1039/b922984a","https://doi.org/10.1039/b922984a","Physical / interpretable","","Physical / chemist descriptors","Descriptors","Ligand space / homogeneous method","Homogeneous catalysis; %Vbur as a steric number for phosphines and NHCs","virtual / computational","Method paper; computational buried-volume examples on common ligands","mixed / unspecified","Comparisons of %Vbur with Tolman cone angle and related steric scales"
"paper_sigman_accounts_2016","2016","2016-05-24","Multidimensional Analysis Tools for Asymmetric Catalysis","The Development of Multidimensional Analysis Tools for Asymmetric Catalysis and Beyond","10.1021/acs.accounts.6b00194","https://doi.org/10.1021/acs.accounts.6b00194","Physical / interpretable","","Physical / chemist descriptors","Overview","Reaction mechanism / methodology","Asymmetric catalysis; the Sigman/Milo playbook for chemist-designed descriptors and MLR","n/a overview","n/a overview of multivariable catalytic modeling case studies","n/a overview","N/A"
"paper_lkb_p_2005","2005","2005-12-09","Ligand Knowledge Base for Phosphorus Donor Ligands","Development of a Ligand Knowledge Base, Part 1: Computational Descriptors for Phosphorus Donor Ligands","10.1002/chem.200500891","https://doi.org/10.1002/chem.200500891","Ligand-space / screening","Physical / interpretable","Reusable ligand library","Descriptors","Ligand space / homogeneous method","Homogeneous catalysis; reaction-agnostic DFT maps of phosphorus-donor ligand space","virtual / computational","Computational phosphine ligand maps rather than a single catalytic dataset","mixed / unspecified","PCA maps of ligand space compared with known organometallic trends"
"paper_fey_ligand_rev_2019","2019","2019-02-25","Computational Ligand Descriptors for Catalyst Design","Computational Ligand Descriptors for Catalyst Design","10.1021/acs.chemrev.8b00588","https://doi.org/10.1021/acs.chemrev.8b00588","Ligand-space / screening","Physical / interpretable","Overview / mixed","Overview","Ligand space / homogeneous method","Homogeneous catalysis; survey of computational ligand descriptors used in catalyst design","n/a overview","n/a overview of computational ligand-descriptor methods","n/a overview","N/A"
"paper_sdl_rise_2023","2023","2023-01-30","The Rise of Self-Driving Labs","The rise of self-driving labs in chemical and materials sciences","10.1038/s44160-022-00231-0","https://doi.org/10.1038/s44160-022-00231-0","Autonomous / HTE","Bayesian / active learning","Dataset / experimental loop","Experiment selection","Reaction mechanism / methodology","Self-driving laboratories for chemical and catalytic reaction optimization; overview of closed-loop discovery","n/a overview","n/a overview of SDL platforms and closed-loop campaigns","n/a overview","N/A"
"paper_safe_sdl_2025","2025","2025-08-18","Steering Towards Safe Self-Driving Laboratories","Steering towards safe self-driving laboratories","10.1038/s41570-025-00747-x","https://doi.org/10.1038/s41570-025-00747-x","Autonomous / HTE","Bayesian / active learning","Dataset / experimental loop","Experiment selection","Reaction mechanism / methodology","Safety constraints and human oversight for autonomous chemical and catalytic laboratories","n/a overview","n/a overview of SDL safety and governance","n/a overview","N/A"
"paper_autonomous_catalysis_2025","2025","2025-11-05","Autonomous Catalysis with Human–AI–Robot Collaboration","Autonomous catalysis research with human–AI–robot collaboration","10.1038/s41929-025-01430-6","https://doi.org/10.1038/s41929-025-01430-6","Autonomous / HTE","","Dataset / experimental loop","Experiment selection","Reaction mechanism / methodology","Autonomous catalysis research; human–AI–robot loops for catalytic discovery","n/a overview","n/a overview of autonomous catalysis campaigns","n/a overview","N/A"
"paper_sdl_atlas_brain_2025","2025","2025","Atlas: A Brain for Self-Driving Laboratories","Atlas: a brain for self-driving laboratories","10.1039/d4dd00115j","https://doi.org/10.1039/d4dd00115j","Autonomous / HTE","Bayesian / active learning","Dataset / experimental loop","Experiment selection","Reaction mechanism / methodology","Orchestration software for chemical self-driving laboratories, including catalytic closed loops","unspecified","Software paper; SDL orchestration architecture rather than a single catalytic n","mixed / unspecified","Demonstrated as the decision/orchestration layer across SDL components"
"paper_chemos2_2024","2024","2024-09","ChemOS 2.0: Orchestration for Chemical SDLs","ChemOS 2.0: An orchestration architecture for chemical self-driving laboratories","10.1016/j.matt.2024.04.022","https://doi.org/10.1016/j.matt.2024.04.022","Autonomous / HTE","","Dataset / experimental loop","Experiment selection","Reaction mechanism / methodology","Orchestration architecture for chemical self-driving laboratories and automated reaction optimization","unspecified","Software architecture paper with SDL case studies","mixed / unspecified","Deployed orchestration across modular SDL hardware and algorithms"
"paper_affordable_sdl_2026","2026","2026-04-13","A Flexible Affordable Self-Driving Laboratory","A flexible and affordable self-driving laboratory for automated reaction optimization","10.1038/s44160-026-01053-0","https://doi.org/10.1038/s44160-026-01053-0","Autonomous / HTE","","Dataset / experimental loop","Experiment selection","Reaction mechanism / methodology","Automated reaction optimization in a low-cost flexible self-driving laboratory","unspecified","Closed-loop experimental campaigns on a compact SDL platform","autonomous closed-loop","Autonomous closed-loop reaction optimization on the described hardware"
"paper_bo_icl_catalysis_2026","2026","2026-04-14","Bayesian Optimization of Catalysis with In-Context Learning","Bayesian Optimization of Catalysis with In-Context Learning","10.1021/acscentsci.5c02418","https://doi.org/10.1021/acscentsci.5c02418","Bayesian / active learning","","Pretrained learned representation","Experiment selection","Reaction mechanism / methodology","Catalytic reaction optimization combining Bayesian optimization with in-context LLM suggestions","unspecified","Closed-loop / iterative catalytic optimization with language-model proposals","retrospective","Catalysis case studies comparing BO with in-context learning against standard BO"
"paper_cost_bo_2024","2024","2024","Cost-Informed Bayesian Reaction Optimization","Cost-informed Bayesian reaction optimization","10.1039/d4dd00225c","https://doi.org/10.1039/d4dd00225c","Bayesian / active learning","","Dataset / experimental loop","Experiment selection","Ligand space / homogeneous method","Homogeneous catalytic reaction optimization with explicit experimental cost in the acquisition function","200–1000","Reaction-optimization campaigns with cost-aware batch suggestions","retrospective","Retrospective and simulated campaigns versus cost-agnostic Bayesian optimization"
"paper_bo_beyond_onehot_2024","2024","2024","Bayesian Optimisation Beyond One-Hot Encoding","Bayesian optimisation for additive screening and yield improvements – beyond one-hot encoding","10.1039/d3dd00096f","https://doi.org/10.1039/d3dd00096f","Bayesian / active learning","Ligand-space / screening","Pretrained learned representation","Experiment selection","Reaction mechanism / methodology","Additive screening and yield improvement in catalytic reactions using learned encodings instead of one-hot conditions","unspecified","Additive-screening datasets with Bayesian optimization campaigns","mixed / unspecified","Yield improvements versus one-hot Bayesian optimization on additive screens"
"paper_chiddo_2022","2022","2022","ChIDDO: Chemically-Informed Data-Driven Optimization","Chemically-informed data-driven optimization (ChIDDO): leveraging physical models and Bayesian learning to accelerate chemical research","10.1039/d2re00005a","https://doi.org/10.1039/d2re00005a","Bayesian / active learning","","Physical / chemist descriptors","Experiment selection","Reaction mechanism / methodology","Chemically informed Bayesian optimization of chemical reactions using physical models plus data","unspecified","Reaction-optimization campaigns that inject physical models into the surrogate","autonomous closed-loop","Closed-loop / case-study optimization versus purely statistical BO"
"paper_photo_closedloop_2024","2024","2024","Autonomous Closed-Loop Photochemical Optimization","Autonomous closed-loop photochemical reaction optimization for the synthesis of various angiotensin II receptor blocker molecules","10.1039/d4re00138a","https://doi.org/10.1039/d4re00138a","Autonomous / HTE","","Dataset / experimental loop","Experiment selection","Reaction mechanism / methodology","Autonomous closed-loop photochemical reaction optimization, including catalytic photochemistry for ARB synthesis","unspecified","Closed-loop photochemical campaigns across multiple substrates","autonomous closed-loop","Autonomous closed-loop optimization of photochemical reactions"
"paper_capbo_2023","2023","2023-12-03","CAPBO: Cost-Aware Parallel Bayesian Optimization","CAPBO: A cost‐aware parallelized Bayesian optimization method for chemical reaction optimization","10.1002/aic.18316","https://doi.org/10.1002/aic.18316","Bayesian / active learning","","Dataset / experimental loop","Experiment selection","Reaction mechanism / methodology","Cost-aware parallel Bayesian optimization for chemical and catalytic reaction optimization","200–1000","Simulated and experimental reaction-optimization campaigns with parallel batches","mixed / unspecified","Benchmarks versus standard BO on reaction-optimization tasks"
"paper_sdl_reason_2026","2026","2026-08","When Self-Driving Labs Begin to Reason","Catalyst: When self-driving labs begin to reason","10.1016/j.chempr.2026.103108","https://doi.org/10.1016/j.chempr.2026.103108","Autonomous / HTE","","Overview / mixed","Overview","Reaction mechanism / methodology","Opinion on reasoning-capable self-driving laboratories for chemical and catalytic discovery","n/a overview","n/a overview of next-generation SDL reasoning","n/a overview","N/A"
"paper_swarm_opt_2026","2026","2026-04","Swarm Intelligence for Chemical Reaction Optimization","Swarm intelligence for chemical reaction optimization","10.1016/j.chempr.2026.103035","https://doi.org/10.1016/j.chempr.2026.103035","Bayesian / active learning","Autonomous / HTE","Dataset / experimental loop","Experiment selection","Reaction mechanism / methodology","Swarm-intelligence algorithms for chemical and catalytic reaction optimization","unspecified","Reaction-optimization case studies using swarm search","mixed / unspecified","Comparisons of swarm search with Bayesian and related optimizers on reactions"
"paper_aminoxyl_generality_2023","2023","2023-05-19","Generality-Oriented Aminoxyl Radical Catalysis","Generality-oriented optimization of enantioselective aminoxyl radical catalysis","10.1126/science.adf6177","https://doi.org/10.1126/science.adf6177","Physical / interpretable","Autonomous / HTE","Physical / chemist descriptors","Descriptors","Reaction mechanism / methodology","Enantioselective aminoxyl radical catalysis; generality-oriented optimization across substrates","unspecified","Designed catalytic substrate/catalyst sets; small-to-moderate experimental n","prospective experimental","Prospective generality tests across a broad substrate panel"
"paper_ir_hte_ml_2023","2023","2023-10-20","HTE and ML Optimization of Iridium Cross-Dimerization","High‐Throughput Experimentation and Machine Learning‐Assisted Optimization of Iridium‐Catalyzed Cross‐Dimerization of Sulfoxonium Ylides","10.1002/anie.202313638","https://doi.org/10.1002/anie.202313638","Autonomous / HTE","","Dataset / experimental loop","Experiment selection","Reaction mechanism / methodology","Iridium-catalyzed cross-dimerization of sulfoxonium ylides; HTE plus machine-learning optimization","unspecified","High-throughput experimental arrays with ML-guided follow-up","prospective experimental","Prospective experimental optimization of an Ir-catalyzed dimerization"
"paper_ni_dimers_ml_2023","2023","2023-07-06","ML-Guided Ni(I) Phosphine Dimers","Machine Learning-Guided Development of Trialkylphosphine Ni (I) Dimers and Applications in Site-Selective Catalysis","10.1021/jacs.3c03403","https://doi.org/10.1021/jacs.3c03403","Physical / interpretable","Mechanistic ML; Ligand-space / screening","Physical / chemist descriptors","Supervised model","Ligand space / homogeneous method","Trialkylphosphine Ni(I) dimers developed with ML and used in site-selective homogeneous catalysis","unspecified","Experimental organonickel series plus computational descriptors; modest n","prospective experimental","Prospective catalytic applications of ML-prioritized Ni(I) dimers"
"paper_pd_sulfonimidamide_2023","2023","2023-09-01","Data-Science Pd Aryl-Carbonylation of Sulfonimidamides","Data Science-Enabled Palladium-Catalyzed Enantioselective Aryl-Carbonylation of Sulfonimidamides","10.1021/jacs.3c06674","https://doi.org/10.1021/jacs.3c06674","Physical / interpretable","","Physical / chemist descriptors","Descriptors","Ligand space / homogeneous method","Palladium-catalyzed enantioselective aryl-carbonylation of sulfonimidamides; data-science ligand/condition design","unspecified","Designed Pd-catalysis dataset with physical-organic descriptors","prospective experimental","Prospective enantioselective aryl-carbonylation examples"
"paper_entdecker_2024","2024","2024-05-02","EnTdecker: ML Platform for Energy-Transfer Substrates","EnTdecker − A Machine Learning-Based Platform for Guiding Substrate Discovery in Energy Transfer Catalysis","10.1021/jacs.4c01352","https://doi.org/10.1021/jacs.4c01352","Ligand-space / screening","Transfer / few-shot","Pretrained learned representation","Supervised model","Reaction mechanism / methodology","Energy-transfer catalysis; machine-learning platform for substrate discovery","unspecified","Experimental energy-transfer dataset used to train a substrate-recommendation model","prospective experimental","Prospective substrate discoveries in energy-transfer catalysis"
"paper_mg_asymmetric_ml_2024","2024","2024-08-12","ML Guides Magnesium-Catalyzed Asymmetric Reactions","Machine Learning Algorithm Guides Catalyst Choices for Magnesium‐Catalyzed Asymmetric Reactions","10.1002/anie.202318487","https://doi.org/10.1002/anie.202318487","Physical / interpretable","Ligand-space / screening","Physical / chemist descriptors","Supervised model","Reaction mechanism / methodology","Magnesium-catalyzed asymmetric reactions with ML-guided catalyst choices","unspecified","Experimental magnesium-catalysis set used to train catalyst-choice models","prospective experimental","Prospective catalyst choices on magnesium-catalyzed asymmetric reactions"
"paper_cu_deaminative_hte_2022","2022","2022-07-19","HTE Copper-Catalyzed Deaminative Esterification","Development of copper-catalyzed deaminative esterification using high-throughput experimentation","10.1038/s42004-022-00698-0","https://doi.org/10.1038/s42004-022-00698-0","Autonomous / HTE","3D / deep learning; Ligand-space / screening","Dataset / experimental loop","Experiment selection","Reaction mechanism / methodology","Copper-catalyzed deaminative esterification developed with high-throughput experimentation","200–1000","HTE arrays for Cu-catalyzed deaminative esterification","prospective experimental","Prospective experimental development of the Cu-catalyzed method"
"paper_monophosphine_set_2022","2022","2022-06-16","A Screening Set for Monophosphine Ligands","Design and Application of a Screening Set for Monophosphine Ligands in Cross-Coupling","10.1021/acscatal.2c01970","https://doi.org/10.1021/acscatal.2c01970","Ligand-space / screening","Physical / interpretable; Autonomous / HTE","Reusable ligand library","Descriptors","Cross-coupling","Monophosphine ligands for homogeneous cross-coupling; designed experimental screening set","unspecified","Designed ligand screening set applied in cross-coupling","retrospective","Application of the screening set to cross-coupling case studies"
"paper_aryl_pyrrolidine_hbd_2022","2022","2022-11-22","Data-Driven Aryl Pyrrolidine H-Bond Donors","Exploring Structure–Function Relationships of Aryl Pyrrolidine-Based Hydrogen-Bond Donors in Asymmetric Catalysis Using Data-Driven Techniques","10.1021/acscatal.2c04824","https://doi.org/10.1021/acscatal.2c04824","Physical / interpretable","","Physical / chemist descriptors","Descriptors","Organocatalysis","Aryl pyrrolidine hydrogen-bond donors in asymmetric organocatalysis; structure–function from data-driven models","unspecified","Designed organocatalyst series with physical-organic descriptors","mixed / unspecified","Structure–function models on asymmetric H-bond-donor catalysis"
"paper_spectroscopic_desc_2023","2023","2023-05-18","Interpretable Catalysis Models from Spectroscopic Descriptors","Interpretable Catalysis Models Using Machine Learning with Spectroscopic Descriptors","10.1021/acscatal.3c00611","https://doi.org/10.1021/acscatal.3c00611","Physical / interpretable","","Physical / chemist descriptors","Descriptors","Reaction mechanism / methodology","Interpretable machine-learning catalysis models that take spectroscopic descriptors as features","unspecified","Spectroscopic feature tables for catalytic systems; computational/experimental mix","mixed / unspecified","Interpretable models compared with black-box alternatives on catalysis endpoints"
"paper_tep_ml_2023","2023","2023-12-28","ML Prediction of the Tolman Electronic Parameter","Tolman Electronic Parameter Predictions from a Machine Learning Model Provide Insight into Phosphine Ligand Electronic Effects","10.1021/acs.organomet.3c00432","https://doi.org/10.1021/acs.organomet.3c00432","Physical / interpretable","","Physical / chemist descriptors","Descriptors","Ligand space / homogeneous method","Phosphine ligand electronic effects; machine-learning prediction of the Tolman electronic parameter","unspecified","Computational/experimental TEP examples across phosphine ligands","mixed / unspecified","Held-out prediction of TEP values versus experiment/DFT"
"paper_hemilabile_ml_2023","2023","2023-12-05","ML Classification of Hemilabile Ligands","Classification of Hemilabile Ligands Using Machine Learning","10.1021/acs.jpclett.3c02828","https://doi.org/10.1021/acs.jpclett.3c02828","Ligand-space / screening","Physical / interpretable; Mechanistic ML","Reusable ligand library","Descriptors","Reaction mechanism / methodology","Hemilabile ligands on transition-metal complexes classified with machine learning","virtual / computational","Virtual / computational ligand and TMC dataset for hemilability labels","mixed / unspecified","Classification performance on held-out hemilabile ligands"
"paper_qtaim_gnn_2025","2025","2025","QTAIM-Enriched GNNs for Transition-Metal Complexes","Multi-level QTAIM-enriched graph neural networks for resolving properties of transition metal complexes","10.1039/d5dd00220f","https://doi.org/10.1039/d5dd00220f","3D / deep learning","","Learned 3D / TS GNN","Supervised model","Reaction mechanism / methodology","Transition-metal complexes; QTAIM-enriched graph neural networks for catalytic properties","virtual / computational","Virtual / computational TMC property dataset with QTAIM features","mixed / unspecified","Property prediction versus GNNs without QTAIM enrichment"
"paper_kulik_gnn_coord_2025","2025","2025-10-06","GNNs for Metal–Ligand Coordination","Graph neural networks for predicting metal–ligand coordination of transition metal complexes","10.1073/pnas.2415658122","https://doi.org/10.1073/pnas.2415658122","3D / deep learning","","Learned 3D / TS GNN","Supervised model","Reaction mechanism / methodology","Graph neural networks that predict metal–ligand coordination in transition-metal complexes","virtual / computational","Virtual / computational TMC coordination dataset","mixed / unspecified","Coordination prediction on held-out transition-metal complexes"
"paper_tm_spin_pred_2024","2024","2024","Automated Ground-State Spin of TM Complexes","Automated prediction of ground state spin for transition metal complexes","10.1039/d4dd00093e","https://doi.org/10.1039/d4dd00093e","Physical / interpretable","","Catalyst-state / mechanistic","Supervised model","Reaction mechanism / methodology","Automated prediction of ground-state spin for transition-metal complexes relevant to homogeneous catalysis","virtual / computational","Virtual / computational TMC spin dataset","mixed / unspecified","Spin-state classification versus DFT labels on held-out complexes"
"paper_ir_phosphor_ml_2023","2023","2023","ML Prediction of Ir Phosphor Excited States","Low-cost machine learning prediction of excited state properties of iridium-centered phosphors","10.1039/d2sc06150c","https://doi.org/10.1039/d2sc06150c","3D / deep learning","","Physical / chemist descriptors","Supervised model","Reaction mechanism / methodology","Iridium-centered phosphors; low-cost ML prediction of excited-state properties used in photoredox-adjacent design","virtual / computational","Virtual / computational Ir phosphor dataset with DFT excited-state labels","mixed / unspecified","Held-out prediction of excited-state properties versus DFT"
"paper_mlr_feature_select_2026","2026","2026-09-04","Feature Selection in MLR for Data-Efficient Optimization","Feature Selection in Multivariate Linear Regression Models for Data-Efficient Reaction Optimization","10.1021/acscatal.6c04292","https://doi.org/10.1021/acscatal.6c04292","Physical / interpretable","","Physical / chemist descriptors","Descriptors","Ligand space / homogeneous method","Feature selection inside multivariate linear regression for data-efficient homogeneous reaction optimization","unspecified","Small experimental catalytic n; data-efficient MLR with pruned features","mixed / unspecified","Data-efficient reaction optimization versus unpruned linear models"
"paper_ml_descriptors_review_2023","2023","2023-05-16","Machine Learning Descriptors for Data-Driven Catalysis","Machine Learning Descriptors for Data‐Driven Catalysis Study","10.1002/advs.202301020","https://doi.org/10.1002/advs.202301020","Physical / interpretable","","Overview / mixed","Overview","Reaction mechanism / methodology","Overview of machine-learning descriptors used in data-driven catalysis, including homogeneous examples","n/a overview","n/a overview of catalysis descriptor families","n/a overview","N/A"
"paper_kulik_calc_outcome_2022","2022","2022-06-23","ML Prediction of DFT Calculation Outcomes","Machine Learning Models Predict Calculation Outcomes with the Transferability Necessary for Computational Catalysis","10.1021/acs.jctc.2c00331","https://doi.org/10.1021/acs.jctc.2c00331","Transfer / few-shot","Physical / interpretable","Catalyst-state / mechanistic","Supervised model","Reaction mechanism / methodology","Machine-learning models that predict DFT calculation outcomes with transferability needed for computational catalysis on TM complexes","virtual / computational","Virtual / computational TMC DFT jobs labeled by success/failure and related outcomes","mixed / unspecified","Transfer tests of calculation-outcome models across catalytic TMC space"
"paper_ch_borylation_desc_2026","2026","2026-08-25","Chemically Intuitive Descriptors for C–H Borylation","Chemically Intuitive Descriptors for Predicting CH Borylation Regioselectivity","10.1002/ceur.70354","https://doi.org/10.1002/ceur.70354","Physical / interpretable","","Physical / chemist descriptors","Descriptors","C–H functionalization","C–H borylation regioselectivity predicted from chemically intuitive descriptors","unspecified","Regioselectivity dataset for catalytic C–H borylation; modest experimental/computational n","mixed / unspecified","Regioselectivity prediction versus less interpretable feature sets"
"paper_grubbs_initiation_2026","2026","2026","Data-Driven Hoveyda–Grubbs Initiation Models","Data-driven modelling of Hoveyda–Grubbs-II-type olefin metathesis precatalyst initiation: mechanistic insights and predictive models","10.1039/d6cy00508j","https://doi.org/10.1039/d6cy00508j","Physical / interpretable","Mechanistic ML","Catalyst-state / mechanistic","Supervised model","Reaction mechanism / methodology","Data-driven modelling of Hoveyda–Grubbs-II-type olefin metathesis precatalyst initiation","unspecified","Computational/experimental initiation data for Grubbs-type precatalysts","mixed / unspecified","Mechanistic models of initiation versus experimental initiation trends"
"paper_ml_ts_review_2025","2025","2025-08","Machine Learning Approaches for Transition-State Prediction","Machine learning approaches for transition state prediction","10.1016/j.checat.2025.101458","https://doi.org/10.1016/j.checat.2025.101458","MLIP / TS acceleration","3D / deep learning; Mechanistic ML","Learned 3D / TS GNN","TS search","Reaction mechanism / methodology","Overview of machine-learning methods for predicting transition states in catalytic and molecular reactions","n/a overview","n/a overview of ML transition-state methods","n/a overview","N/A"
"paper_ts_structure_ml_2023","2023","2023-03-01","ML Prediction of Transition-State Structures","Prediction of transition state structures of gas-phase chemical reactions via machine learning","10.1038/s41467-023-36823-3","https://doi.org/10.1038/s41467-023-36823-3","MLIP / TS acceleration","3D / deep learning; Mechanistic ML","Learned 3D / TS GNN","TS search","Reaction mechanism / methodology","Machine-learning prediction of transition-state structures for gas-phase chemical reactions, including catalytic elementary steps","virtual / computational","Virtual / computational TS-structure dataset for gas-phase reactions","mixed / unspecified","TS-structure recovery versus quantum-chemical references"
"paper_reiher_networks_2022","2022","2022-01-13","Autonomous Reaction Network Exploration","Autonomous Reaction Network Exploration in Homogeneous and Heterogeneous Catalysis","10.1007/s11244-021-01543-9","https://doi.org/10.1007/s11244-021-01543-9","MLIP / TS acceleration","Mechanistic ML; Autonomous / HTE","MLIP / physics acceleration","TS search","Ligand space / homogeneous method","Autonomous reaction-network exploration in homogeneous and heterogeneous catalysis","n/a overview","n/a overview of automated reaction-network methods","n/a overview","N/A"
"paper_margraf_networks_2023","2023","2023-01-26","Exploring Catalytic Reaction Networks with ML","Exploring catalytic reaction networks with machine learning","10.1038/s41929-022-00896-y","https://doi.org/10.1038/s41929-022-00896-y","MLIP / TS acceleration","Mechanistic ML","MLIP / physics acceleration","MLIP / mechanism","Reaction mechanism / methodology","Machine learning for catalytic reaction networks spanning homogeneous and heterogeneous mechanisms","n/a overview","n/a overview of ML for catalytic reaction networks","n/a overview","N/A"
"paper_mlip_ligand_exchange_2025","2025","2025","MLIP Modelling of Ligand Exchange","Modelling ligand exchange in metal complexes with machine learning potentials","10.1039/d4fd00140k","https://doi.org/10.1039/d4fd00140k","MLIP / TS acceleration","Mechanistic ML","MLIP / physics acceleration","MLIP / mechanism","Ligand space / homogeneous method","Ligand exchange in metal complexes modelled with machine-learning interatomic potentials","virtual / computational","Virtual / computational MLIP trajectories for metal-complex ligand exchange","mixed / unspecified","MLIP ligand-exchange pathways compared with quantum-chemical references"
"paper_mlip_catalysis_set_2025","2025","2025-11-23","An MLIP Dataset and Model for Catalysis","A Machine Learning Interatomic Potential Data Set and Model for Catalysis with Local Fine-Tuning to Chemical Accuracy","10.1021/jacsau.5c01112","https://doi.org/10.1021/jacsau.5c01112","MLIP / TS acceleration","","MLIP / physics acceleration","MLIP / mechanism","Reaction mechanism / methodology","Machine-learning interatomic potential dataset and model for catalysis, with local fine-tuning to chemical accuracy","virtual / computational","Virtual / computational catalysis MLIP dataset with local fine-tuning splits","mixed / unspecified","Fine-tuned MLIP accuracy versus DFT on catalytic local environments"
"paper_kulik_dft_reparam_2026","2026","2026-02-17","ML Reparameterization of DFT for TM Spin Splitting","System-Specific Reparameterization of Density Functionals with Machine Learning: Application to Spin-Splitting Energies of Transition Metal Complexes","10.1021/acs.jctc.5c01833","https://doi.org/10.1021/acs.jctc.5c01833","MLIP / TS acceleration","","MLIP / physics acceleration","MLIP / mechanism","Reaction mechanism / methodology","System-specific machine-learning reparameterization of density functionals for spin-splitting energies of transition-metal complexes","virtual / computational","Virtual / computational TMC spin-splitting dataset used to reparameterize DFT","mixed / unspecified","Spin-splitting accuracy versus unmodified functionals on TM complexes"
"paper_gen_suzuki_2023","2023","2023","Deep Generative Design of Suzuki Catalysts","Designing catalysts with deep generative models and computational data. A case study for Suzuki cross coupling reactions","10.1039/d2dd00125j","https://doi.org/10.1039/d2dd00125j","Inverse / generative","","Pretrained learned representation","Supervised model","Cross-coupling","Deep generative models trained on computational data to design catalysts, with a Suzuki cross-coupling case study","virtual / computational","Virtual / computational Suzuki catalyst/ligand structures for generative training","mixed / unspecified","Generated Suzuki catalyst candidates scored against computational labels"
"paper_paton_dl_asymm_2026","2026","2026-02-10","Deep Learning for Asymmetric Catalysis","Deep learning for asymmetric catalysis","10.1038/s43588-026-00954-6","https://doi.org/10.1038/s43588-026-00954-6","3D / deep learning","","Overview / mixed","Overview","Ligand space / homogeneous method","Perspective on deep learning for asymmetric homogeneous catalysis","n/a overview","n/a overview of deep learning in asymmetric catalysis","n/a overview","N/A"
"paper_genetic_homocat_2022","2022","2022-03-04","Genetic Optimization of Homogeneous Catalysts","Genetic Optimization of Homogeneous Catalysts","10.1002/cmtd.202100107","https://doi.org/10.1002/cmtd.202100107","Inverse / generative","","Reusable ligand library","Descriptors","Ligand space / homogeneous method","Genetic algorithms for optimizing homogeneous catalysts in ligand/catalyst space","virtual / computational","Virtual / computational evolutionary searches over homogeneous catalyst structures","mixed / unspecified","Evolutionary trajectories recovering known or improved homogeneous catalyst motifs"
"paper_llm_catalysis_lit_2025","2025","2025-10-20","LLM Agents Distill Catalysis Literature","Distilling Knowledge from Catalysis Literature with Long-Context Large Language Model Agents","10.1021/acscatal.5c06431","https://doi.org/10.1021/acscatal.5c06431","Other / mixed","","Pretrained learned representation","Supervised model","Reaction mechanism / methodology","Long-context LLM agents that distill knowledge from the catalysis literature","unspecified","Literature-scale catalysis corpus processed by long-context agents","mixed / unspecified","Extraction/distillation quality on catalysis papers versus manual reading"
"paper_llm_extract_shallow_2025","2025","2025-10-21","LLM Extraction plus Shallow Models for Catalysis","Accelerating Catalysis Understanding via Large Language Model Data Extraction and Shallow Machine Learning Techniques","10.1021/jacsau.5c01087","https://doi.org/10.1021/jacsau.5c01087","Other / mixed","","Pretrained learned representation","Supervised model","Reaction mechanism / methodology","Large language models extract catalysis data that then train shallow machine-learning models","unspecified","Literature-extracted catalysis tables feeding shallow models","mixed / unspecified","Shallow models trained on LLM-extracted catalysis data versus hand-curated tables"
"paper_askcos_2025","2025","2025-05-21","ASKCOS: Open-Source Data-Driven Synthesis Planning","ASKCOS: Open-Source, Data-Driven Synthesis Planning","10.1021/acs.accounts.5c00155","https://doi.org/10.1021/acs.accounts.5c00155","Inverse / generative","","Pretrained learned representation","Overview","Reaction mechanism / methodology","Open-source data-driven synthesis planning (ASKCOS), including catalytic reaction prediction as a planning step","n/a overview","n/a overview of ASKCOS software and synthesis-planning campaigns","n/a overview","N/A"
"paper_predictive_chem_2023","2023","2023","Predictive Chemistry: ML for Reaction Deployment","Predictive chemistry: machine learning for reaction deployment, reaction development, and reaction discovery","10.1039/d2sc05089g","https://doi.org/10.1039/d2sc05089g","Other / mixed","","Overview / mixed","Overview","Reaction mechanism / methodology","Machine learning for reaction deployment, development and discovery, including catalytic reactions","n/a overview","n/a overview of predictive chemistry workflows","n/a overview","N/A"
"paper_kg_llm_relay_2025","2025","2025-07-14","Knowledge Graph plus LLM for Relay Catalysis","Synergizing a knowledge graph and large language model for relay catalysis pathway recommendation","10.1093/nsr/nwaf271","https://doi.org/10.1093/nsr/nwaf271","Other / mixed","","Pretrained learned representation","Supervised model","Reaction mechanism / methodology","Knowledge graph combined with a large language model to recommend relay catalysis pathways","unspecified","Literature-derived catalysis knowledge graph used for pathway recommendation","mixed / unspecified","Relay-catalysis pathway recommendations versus known multi-step catalytic routes"
"paper_predictive_catalysis_2023","2023","2023-12","Predictive Catalysis as a Step Towards ML","Predictive catalysis: a valuable step towards machine learning","10.1016/j.trechm.2023.10.005","https://doi.org/10.1016/j.trechm.2023.10.005","Physical / interpretable","","Overview / mixed","Overview","Ligand space / homogeneous method","Predictive homogeneous catalysis as the stepping stone into machine learning","n/a overview","n/a overview of predictive catalysis","n/a overview","N/A"
"paper_ml_exp_homocat_2024","2024","2024-06","ML in Experimental Homogeneous Catalysis","Recent advances of machine learning applications in the development of experimental homogeneous catalysis","10.1016/j.aichem.2024.100068","https://doi.org/10.1016/j.aichem.2024.100068","Physical / interpretable","","Overview / mixed","Overview","Ligand space / homogeneous method","Recent machine-learning applications in experimental homogeneous catalysis","n/a overview","n/a overview of experimental homogeneous ML case studies","n/a overview","N/A"
"paper_ml_meets_mln_2023","2023","2023-12","ML Meets MLn: Ligand-Promoted Homogeneous Catalysis","ML meets MLn: Machine learning in ligand promoted homogeneous catalysis","10.1016/j.aichem.2023.100006","https://doi.org/10.1016/j.aichem.2023.100006","Ligand-space / screening","","Overview / mixed","Overview","Ligand space / homogeneous method","Machine learning in ligand-promoted homogeneous catalysis (MLn complexes)","n/a overview","n/a overview of ML for ligand-promoted homogeneous catalysis","n/a overview","N/A"
"paper_physical_insights_ml_2022","2022","2022-09","Finding Physical Insights in Catalysis with ML","Finding physical insights in catalysis with machine learning","10.1016/j.coche.2022.100832","https://doi.org/10.1016/j.coche.2022.100832","Physical / interpretable","Mechanistic ML","Overview / mixed","Overview","Reaction mechanism / methodology","How machine learning can return physical insight in catalysis rather than only a score","n/a overview","n/a overview of interpretable catalysis ML","n/a overview","N/A"
"paper_bayesian_catalysis_2022","2022","2022-06","Bayesian Statistics in Catalysis","Bayesian statistics in catalysis: a perspective","10.1016/j.coche.2022.100820","https://doi.org/10.1016/j.coche.2022.100820","Bayesian / active learning","","Overview / mixed","Overview","Reaction mechanism / methodology","Bayesian statistics as a framework for catalysis experiments and models","n/a overview","n/a overview of Bayesian methods in catalysis","n/a overview","N/A"
"paper_doe_ml_knowledge_2022","2022","2022-06","DoE plus ML for Knowledge Extraction in Catalysis","Knowledge extraction in catalysis utilizing design of experiments and machine learning","10.1016/j.coche.2021.100781","https://doi.org/10.1016/j.coche.2021.100781","Bayesian / active learning","","Overview / mixed","Overview","Reaction mechanism / methodology","Design of experiments combined with machine learning to extract knowledge in catalysis","n/a overview","n/a overview of DoE+ML catalysis campaigns","n/a overview","N/A"
"paper_catalysis_meets_ml_2025","2025","2025","Catalysis Meets Machine Learning: A Guide","Catalysis meets machine learning: a guide to data-driven discovery and design","10.1039/d5cc05274b","https://doi.org/10.1039/d5cc05274b","Physical / interpretable","","Overview / mixed","Overview","Ligand space / homogeneous method","A guide to data-driven discovery and design in homogeneous catalysis","n/a overview","n/a overview of data-driven catalysis design","n/a overview","N/A"
"paper_digital_age_catalysis_2024","2024","2024-09-20","Catalysis in the Digital Age","Catalysis in the digital age: Unlocking the power of data with machine learning","10.1002/wcms.1730","https://doi.org/10.1002/wcms.1730","Other / mixed","","Overview / mixed","Overview","Ligand space / homogeneous method","Machine learning and data for catalysis in the digital age, spanning homogeneous and computational workflows","n/a overview","n/a overview of digital catalysis","n/a overview","N/A"
"paper_ml_bridge_physics_2025","2025","2025-10","ML for Catalysis: Bridging Data and Physics","Machine learning for catalysis: Bridging data-driven discovery and physical insight","10.1016/j.mtchem.2025.103051","https://doi.org/10.1016/j.mtchem.2025.103051","Physical / interpretable","","Overview / mixed","Overview","Reaction mechanism / methodology","Machine learning for catalysis that tries to bridge purely data-driven discovery with physical insight","n/a overview","n/a overview of physics-informed catalysis ML","n/a overview","N/A"
"paper_catalyseed_2026","2026","2026-01-19","CatalySeed: Ru Ethenolysis Dataset for ML","CatalySeed: A Reaction Database for Ruthenium-Catalyzed Ethenolysis of Seed Oils with Applications in Machine Learning","10.1021/acscatal.5c06483","https://doi.org/10.1021/acscatal.5c06483","Ligand-space / screening","","Dataset / experimental loop","Descriptors","Reaction mechanism / methodology","Ruthenium-catalyzed ethenolysis of seed oils; reaction database built for machine learning","unspecified","Curated Ru ethenolysis reaction database for ML applications","mixed / unspecified","ML demonstrations on the CatalySeed ethenolysis table"
"paper_kulik_mbe_mlst_2025","2025","2025-01-06","Many-Body Expansion ML for Octahedral TMCs","Many-body expansion based machine learning models for octahedral transition metal complexes","10.1088/2632-2153/ad9f22","https://doi.org/10.1088/2632-2153/ad9f22","Ligand-space / screening","","Reusable ligand library","Descriptors","Reaction mechanism / methodology","Many-body-expansion machine-learning models for octahedral transition-metal complexes","virtual / computational","Virtual / computational octahedral TMC dataset with many-body expansion labels","mixed / unspecified","Many-body ML accuracy on octahedral TMCs versus full-complex labels"
"paper_piecewise_tm_2023","2023","2023","ML on Piecewise-Linearity Deviations in TMCs","Insights into the deviation from piecewise linearity in transition metal complexes from supervised machine learning models","10.1039/d3cp00258f","https://doi.org/10.1039/d3cp00258f","Physical / interpretable","","Catalyst-state / mechanistic","Supervised model","Reaction mechanism / methodology","Supervised machine learning of deviations from piecewise linearity in transition-metal complexes","virtual / computational","Virtual / computational TMC DFT dataset labeled by delocalization-error diagnostics","mixed / unspecified","Supervised models of piecewise-linearity deviations on TM complexes"
"paper_hitl_sdl_hetero_2025","2025","2025-01-29","Human-in-the-Loop SDLs for Heterogeneous Catalysis","Role of the human-in-the-loop in emerging self-driving laboratories for heterogeneous catalysis","10.1038/s41929-024-01275-5","https://doi.org/10.1038/s41929-024-01275-5","Autonomous / HTE","","Dataset / experimental loop","Experiment selection","Reaction mechanism / methodology","Role of the human-in-the-loop in self-driving laboratories for heterogeneous catalysis, with lessons for catalytic SDLs generally","n/a overview","n/a overview of human-in-the-loop SDL practice","n/a overview","N/A"
"paper_sdl_industry_2026","2026","2026-05-22","Self-Driving Labs for Industrial R&D","Self-driving labs for research and development in industry","10.1038/s44160-026-01084-7","https://doi.org/10.1038/s44160-026-01084-7","Autonomous / HTE","","Overview / mixed","Overview","Reaction mechanism / methodology","Industrial research-and-development use of self-driving laboratories, including catalytic process development","n/a overview","n/a overview of industrial SDL deployments","n/a overview","N/A"
"paper_nitration_hte_ml_2025","2025","2025","HTE and ML for Arene Nitration","Investigation of arene and heteroarene nitration supported by high-throughput experimentation and machine learning","10.1039/d5dd00086f","https://doi.org/10.1039/d5dd00086f","Autonomous / HTE","","Dataset / experimental loop","Experiment selection","Reaction mechanism / methodology","Arene and heteroarene nitration supported by high-throughput experimentation and machine learning","200–1000","HTE nitration arrays with ML analysis of regioselectivity/yield","mixed / unspecified","Experimental HTE plus ML models of nitration outcomes"
"paper_hein_bayes_ir_2026","2026","2026","Bayesian IR Reaction Monitoring","Improving the univariate calibration approach with Bayesian modeling for IR reaction monitoring","10.1039/d5re00400d","https://doi.org/10.1039/d5re00400d","Bayesian / active learning","","Dataset / experimental loop","Experiment selection","Reaction mechanism / methodology","Bayesian modeling that improves univariate IR calibration for reaction monitoring, including catalytic processes","unspecified","In-situ IR reaction-monitoring traces with Bayesian calibration","mixed / unspecified","Bayesian IR calibration versus univariate methods on reaction monitoring"
"paper_negishi_bo_ligand_2026","2026","2026-07-07","Bayesian Ligand Selection for Atroposelective Negishi","Leveraging Bayesian Optimization for Accelerated Ligand Selection in Atroposelective Negishi Coupling","10.1021/acs.orglett.6c02314","https://doi.org/10.1021/acs.orglett.6c02314","Bayesian / active learning","Ligand-space / screening","Dataset / experimental loop","Experiment selection","Cross-coupling","Bayesian optimization for accelerated ligand selection in atroposelective Negishi coupling","unspecified","Iterative ligand-selection campaign on an atroposelective Negishi reaction","prospective experimental","Prospective Bayesian ligand selection versus a larger screen"